Cena,Cena za metr,Pokoje,Powierzchnia1,Link,Powierzchnia,Forma własności,Liczba pokoi,Stan wykończenia,Piętro,Balkon / ogród / taras,Czynsz,Miejsce parkingowe,Obsługa zdalna,Ogrzewanie
4150165,26500,4,"156,61",https://www.otodom.pl/pl/oferta/mieszkanie-156-61-m-warszawa-ID4o2Bz,"156,61 m²",pełna własność,4 ,do zamieszkania,2/5,"balkon, ogródek, taras",2 100 zł,garaż/miejsce parkingowe,Zapytaj,miejskie
960000,14155,3,"67,82",https://www.otodom.pl/pl/oferta/przy-parku-czechowickim-3-pokoje-2-x-garaz-ID4o2Bq,"67,82 m²",pełna własność,3 ,do zamieszkania,3/4,balkon,720 zł,garaż/miejsce parkingowe,Zapytaj,Zapytaj
429997,12666,2,"33,95",https://www.otodom.pl/pl/oferta/prywatny-ogrod-20m2-12min-do-metra-2-pokoje-ID4o2Bn,"33,95 m²",pełna własność,2 ,do wykończenia,parter/2,ogródek,225 zł,Zapytaj,tak,miejskie
699000,20379,1,"34,3",https://www.otodom.pl/pl/oferta/nowoczesna-kawalerka-z-duzym-balkonemklimatyzacja-ID4o2Bi,"34,3 m²",pełna własność,Zapytaj,do zamieszkania,7/8,balkon,700 zł,Zapytaj,Zapytaj,miejskie
1320000,21453,3,"61,53",https://www.otodom.pl/pl/oferta/wyjatkowy-gotowy-do-wprowadzenia-apartament-garaz-ID4o2B1,"61,53 m²",pełna własność,3 ,Zapytaj,6/8,balkon,700 zł,garaż/miejsce parkingowe,tak,miejskie
611999,11117,4,"55,05",https://www.otodom.pl/pl/oferta/4-pok-20min-do-centrum-widna-kuchnia-kredyt-2-ID4o2AW,"55,05 m²",pełna własność,4 ,do wykończenia,1/2,balkon,358 zł,garaż/miejsce parkingowe,Zapytaj,miejskie
670000,16462,2,"40,7",https://www.otodom.pl/pl/oferta/2-pokoje-w-kamienicy-oddzielna-kuchnia-nowolipie-ID4o2AS,"40,7 m²",Zapytaj,2 ,Zapytaj,parter/4,Zapytaj,670 zł,Zapytaj,Zapytaj,Zapytaj
1420000,18808,3,"75,5",https://www.otodom.pl/pl/oferta/wyjakowe-3-p-z-duza-loggia-2-lazienkigarazkomor-ID4o2AK,"75,5 m²",pełna własność,3 ,do zamieszkania,parter/6,balkon,1 100 zł,garaż/miejsce parkingowe,tak,miejskie
419255,12317,2,"34,04",https://www.otodom.pl/pl/oferta/2-pokoje-12min-do-metra-kredyt-2-czynsz221-ID4o2At,"34,04 m²",pełna własność,2 ,do wykończenia,1/2,balkon,221 zł,garaż/miejsce parkingowe,Zapytaj,miejskie
"805670,60",12602,3,"63,93",https://www.otodom.pl/pl/oferta/mieszkanie-w-stylu-holenderskim-dla-was-ID4o2Ak,"63,93 m²",pełna własność,3 ,Zapytaj,2/3,balkon,Zapytaj,Zapytaj,Zapytaj,inne
960000,15116,3,"63,51",https://www.otodom.pl/pl/oferta/mieszkanie-przy-parku-skaryszewskim-ID4o2zH,"63,51 m²",Zapytaj,3 ,do zamieszkania,parter/4,balkon,800 zł,Zapytaj,Zapytaj,Zapytaj
878000,22805,1,"38,5",https://www.otodom.pl/pl/oferta/mieszkanie-warszawa-mokotow-gorny-ID4o2zz,"38,5 m²",pełna własność,Zapytaj,do zamieszkania,3/4,balkon,670 zł,Zapytaj,Zapytaj,miejskie
650000,18056,2,36,https://www.otodom.pl/pl/oferta/mieszkanie-36-m-warszawa-ID4o2z6,36 m²,Zapytaj,2 ,Zapytaj,4/4,Zapytaj,Zapytaj,Zapytaj,Zapytaj,Zapytaj
999000,14271,3,70,https://www.otodom.pl/pl/oferta/przestronne-3m-z-ogrodkiem-spacer-3d-ID4o2yE,70 m²,pełna własność,3 ,do zamieszkania,parter/6,ogródek,1 180 zł,garaż/miejsce parkingowe,Zapytaj,miejskie
1870000,22942,3,"81,51",https://www.otodom.pl/pl/oferta/81-51-m2-przy-rydygiera-na-ostatnim-pietrze-ID4o2ya,"81,51 m²",pełna własność,3 ,do zamieszkania,9/9,balkon,Zapytaj,garaż/miejsce parkingowe,Zapytaj,miejskie
600000,16086,2,"37,3",https://www.otodom.pl/pl/oferta/komfortowe-2-pokojowe-mieszkanie-al-jerozolimskie-ID4o2y8,"37,3 m²",pełna własność,2 ,do zamieszkania,9/10,balkon,1 000 zł,Zapytaj,Zapytaj,miejskie
692000,14417,2,48,https://www.otodom.pl/pl/oferta/dwa-pokoje-w-kamienicy-48-m2-miejsce-postojowe-ID4o2xS,48 m²,pełna własność,2 ,Zapytaj,1/4,Zapytaj,714 zł,Zapytaj,Zapytaj,Zapytaj
1455500,19938,3,73,https://www.otodom.pl/pl/oferta/chmielna-kamienica-klimatyczne-ID4o2xO,73 m²,Zapytaj,3 ,Zapytaj,2/6,Zapytaj,Zapytaj,Zapytaj,Zapytaj,miejskie
1350000,18000,4,75,https://www.otodom.pl/pl/oferta/apartament-rondo-wiatraczna-stan-deweloperski-ID4o2xp,75 m²,pełna własność,4 ,do zamieszkania,3/6,balkon,700 zł,garaż/miejsce parkingowe,Zapytaj,miejskie
540000,14536,1,"37,15",https://www.otodom.pl/pl/oferta/duza-kawalerka-z-opcja-dwoch-pokoi-ID4o2vV,"37,15 m²",pełna własność,Zapytaj,Zapytaj,3/3,balkon,Zapytaj,Zapytaj,Zapytaj,miejskie
640000,16410,2,39,https://www.otodom.pl/pl/oferta/mieszkanie-na-sprzedaz-mokotow-blisko-metra-ID4o2vz,39 m²,spółdzielcze wł. prawo do lokalu,2 ,Zapytaj,9/10,balkon,580 zł,Zapytaj,Zapytaj,miejskie
1250000,20129,3,"62,1",https://www.otodom.pl/pl/oferta/elegancki-apartament-gotowy-do-wprowadzenia-ID4o2vl,"62,1 m²",pełna własność,3 ,Zapytaj,3/7,balkon,Zapytaj,garaż/miejsce parkingowe,Zapytaj,Zapytaj
880000,19556,2,45,https://www.otodom.pl/pl/oferta/bezposrednio-luksusowe-dwupokojowe-mieszkanie-wola-ID4o2wC,45 m²,Zapytaj,2 ,do zamieszkania,2/4,Zapytaj,460 zł,Zapytaj,Zapytaj,miejskie
1968000,24000,3,82,https://www.otodom.pl/pl/oferta/mieszkanie-w-kamienicy-rog-koszykowej-i-niepodle-ID4o2wB,82 m²,pełna własność,3 ,do zamieszkania,1/5,balkon,960 zł,garaż/miejsce parkingowe,Zapytaj,miejskie
610000,12200,3,50,https://www.otodom.pl/pl/oferta/kup-nieruchomosc-na-bielanach-m2-m3-oraz-inne-ID4o2wk,50 m²,pełna własność,3 ,Zapytaj,1,balkon,550 zł,garaż/miejsce parkingowe,Zapytaj,inne
560000,15301,1,"36,6",https://www.otodom.pl/pl/oferta/tania-kawalerka-z-potencjalem-inwestycyjnym-ID4o2tL,"36,6 m²",pełna własność,Zapytaj,do remontu,> 10/16,Zapytaj,800 zł,Zapytaj,Zapytaj,Zapytaj
784000,14000,3,56,https://www.otodom.pl/pl/oferta/ostatnia-szansa-na-kredyt-2-ID4o2t7,56 m²,pełna własność,3 ,do wykończenia,5/12,balkon,600 zł,Zapytaj,Zapytaj,miejskie
830000,11621,3,"71,42",https://www.otodom.pl/pl/oferta/100m-ogrodekniska-zabudowadwustronne-ID4o2t0,"71,42 m²",Zapytaj,3 ,Zapytaj,parter/3,"ogródek, taras",1 100 zł,Zapytaj,Zapytaj,Zapytaj
919000,17643,2,"52,09",https://www.otodom.pl/pl/oferta/2-pokoje-kolo-metra-sluzew-swiezo-po-remoncie-ID4o2sN,"52,09 m²",pełna własność,2 ,Zapytaj,6/8,Zapytaj,828 zł,garaż/miejsce parkingowe,tak,miejskie
700000,18373,2,"38,1",https://www.otodom.pl/pl/oferta/w-kapciach-do-metra-plocka-piekne-po-remoncie-ID4o2sj,"38,1 m²",spółdzielcze wł. prawo do lokalu,2 ,do zamieszkania,1/15,balkon,680 zł,Zapytaj,tak,miejskie
940000,19442,3,"48,35",https://www.otodom.pl/pl/oferta/3-pokoje-z-balkonem-piwnica-kamienica-grochow-ID4o2sa,"48,35 m²",pełna własność,3 ,do zamieszkania,1/4,balkon,800 zł,Zapytaj,Zapytaj,Zapytaj
1179696,13999,4,"84,27",https://www.otodom.pl/pl/oferta/mieszkanie-pod-klucz-ID4o2s5,"84,27 m²",Zapytaj,4 ,Zapytaj,parter/3,Zapytaj,Zapytaj,Zapytaj,Zapytaj,Zapytaj
800000,22857,2,35,https://www.otodom.pl/pl/oferta/przestronne-i-jasne-mieszkanie-na-starym-zoliborzu-ID4o2rv,35 m²,pełna własność,2 ,do zamieszkania,3/4,Zapytaj,500 zł,Zapytaj,Zapytaj,miejskie
1060000,13086,4,81,https://www.otodom.pl/pl/oferta/idealne-dla-rodziny-parking-komorka-lok-ID4o2rj,81 m²,pełna własność,4 ,Zapytaj,4/5,balkon,850 zł,garaż/miejsce parkingowe,Zapytaj,Zapytaj
899999,14820,3,"60,73",https://www.otodom.pl/pl/oferta/komfortowo-i-nowoczesnie-400m-od-stacji-ursus-ID4o2rh,"60,73 m²",pełna własność,3 ,Zapytaj,4/4,Zapytaj,890 zł,garaż/miejsce parkingowe,Zapytaj,Zapytaj
636000,15813,1,"40,22",https://www.otodom.pl/pl/oferta/1-2pokojebalkonkamienica2-90hparkmetro-ID4o2qX,"40,22 m²",pełna własność,Zapytaj,do zamieszkania,3/3,balkon,548 zł,Zapytaj,Zapytaj,miejskie
619000,18105,2,"34,19",https://www.otodom.pl/pl/oferta/nowe-wykonczone-przy-galerii-polnocnej-ID4o2qO,"34,19 m²",Zapytaj,2 ,do zamieszkania,2/5,taras,Zapytaj,garaż/miejsce parkingowe,Zapytaj,miejskie
1200000,19225,3,"62,42",https://www.otodom.pl/pl/oferta/przestronne-3-pokojowe-mieszkanie-na-pradze-62m2-ID4o2qN,"62,42 m²",pełna własność,3 ,do zamieszkania,4/4,balkon,920 zł,garaż/miejsce parkingowe,Zapytaj,Zapytaj
870000,9775,3,89,https://www.otodom.pl/pl/oferta/przestronne-3-pokoje-87m2-z-ogrodkiem-ID4o2qB,89 m²,Zapytaj,3 ,do zamieszkania,Zapytaj,ogródek,Zapytaj,Zapytaj,Zapytaj,Zapytaj
495500,13479,2,"36,76",https://www.otodom.pl/pl/oferta/nowe-w-stanie-deweloperskim-ursus-ID4o2q6,"36,76 m²",pełna własność,2 ,do wykończenia,8/8,balkon,650 zł,Zapytaj,Zapytaj,miejskie
1720000,18195,4,"94,53",https://www.otodom.pl/pl/oferta/mokotow-4-pokoje-94-53-m2-garaze-ID4o2q3,"94,53 m²",Zapytaj,4 ,do wykończenia,1/5,Zapytaj,Zapytaj,garaż/miejsce parkingowe,Zapytaj,miejskie
1340000,17725,3,"75,6",https://www.otodom.pl/pl/oferta/3-pokoje-marina-mokotow-ID4o2pL,"75,6 m²",Zapytaj,3 ,Zapytaj,1/6,Zapytaj,1 516 zł,Zapytaj,Zapytaj,Zapytaj
610000,13261,2,46,https://www.otodom.pl/pl/oferta/mieszkanie-na-targowku-tuz-przy-stacji-metra-ID4o2p7,46 m²,spółdzielcze wł. prawo do lokalu,2 ,do zamieszkania,5/10,balkon,Zapytaj,Zapytaj,Zapytaj,miejskie
600000,14286,2,42,https://www.otodom.pl/pl/oferta/2-pokoje-kuchnia-przy-metrze-ksiecia-janusza-ID4o2p3,42 m²,Zapytaj,2 ,Zapytaj,9/10,balkon,800 zł,Zapytaj,Zapytaj,miejskie
1490000,17930,3,"83,1",https://www.otodom.pl/pl/oferta/jasny-przestronny-apartament-z-zielenia-za-oknem-ID4o2oM,"83,1 m²",pełna własność,3 ,do zamieszkania,2/3,balkon,940 zł,garaż/miejsce parkingowe,Zapytaj,miejskie
575000,11735,2,49,https://www.otodom.pl/pl/oferta/m2-na-chomiczowce-ID4o2oc,49 m²,Zapytaj,2 ,do remontu,parter/12,Zapytaj,830 zł,Zapytaj,Zapytaj,miejskie
685000,14153,2,"48,4",https://www.otodom.pl/pl/oferta/atrakcyjne-mieszkanie-dwupokojowe-ID4o2nZ,"48,4 m²",pełna własność,2 ,do zamieszkania,1/3,Zapytaj,Zapytaj,Zapytaj,Zapytaj,miejskie
619990,19375,2,32,https://www.otodom.pl/pl/oferta/pod-klucz-2-pokoje-uczelnia-lazarskiego-ID4o2nb,32 m²,Zapytaj,2 ,Zapytaj,8/10,balkon,450 zł,Zapytaj,Zapytaj,miejskie
624750,14700,2,"42,5",https://www.otodom.pl/pl/oferta/dwupokojowe-mieszkanie-z-15-metrowym-balkonem-ID4o2n8,"42,5 m²",pełna własność,2 ,Zapytaj,6/8,balkon,Zapytaj,garaż/miejsce parkingowe,Zapytaj,miejskie
457000,14742,2,31,https://www.otodom.pl/pl/oferta/kawalerka-rog-sikorskiego-bonifacego-bk2-ID4o2mS,31 m²,Zapytaj,2 ,do remontu,1/12,Zapytaj,460 zł,Zapytaj,Zapytaj,Zapytaj
1324960,16900,3,"78,4",https://www.otodom.pl/pl/oferta/mieszkanie-77-4-m2-warszawa-ul-relaksowa-ID4o2mQ,"78,4 m²",spółdzielcze wł. prawo do lokalu,3 ,do zamieszkania,1/4,balkon,1 280 zł,garaż/miejsce parkingowe,Zapytaj,kotłownia
1020000,18146,3,"56,21",https://www.otodom.pl/pl/oferta/osiedle-reset-3pok-2x-loggia-msc-postojowe-ID4o2mE,"56,21 m²",pełna własność,3 ,do zamieszkania,3/6,balkon,600 zł,garaż/miejsce parkingowe,tak,miejskie
780000,11952,3,"65,26",https://www.otodom.pl/pl/oferta/klimatyzacja-jasne-loggia-parkiet-kw-ID4o2mt,"65,26 m²",Zapytaj,3 ,do zamieszkania,8/10,Zapytaj,Zapytaj,Zapytaj,Zapytaj,miejskie
2250000,16667,5,135,https://www.otodom.pl/pl/oferta/duza-przestren-dla-zycia-swietnia-komunikacja-ID4o2ms,135 m²,Zapytaj,5 ,do zamieszkania,2/4,Zapytaj,Zapytaj,Zapytaj,Zapytaj,miejskie
668865,15555,2,43,https://www.otodom.pl/pl/oferta/2-oddzielne-pokoje-po-remoncie-pelna-wlasnosc-ID4o2m2,43 m²,pełna własność,2 ,do zamieszkania,1,balkon,Zapytaj,Zapytaj,Zapytaj,Zapytaj
1125000,16471,3,"68,3",https://www.otodom.pl/pl/oferta/metro-zachod-balkon-garaz-ciche-2023-ID4o2lP,"68,3 m²",pełna własność,3 ,do wykończenia,3/5,balkon,Zapytaj,garaż/miejsce parkingowe,Zapytaj,miejskie
795000,21486,2,37,https://www.otodom.pl/pl/oferta/2-pokoje-mokotow-siekierki-ID4o2lO,37 m²,Zapytaj,2 ,Zapytaj,1/4,balkon,Zapytaj,garaż/miejsce parkingowe,Zapytaj,Zapytaj
749000,19205,2,39,https://www.otodom.pl/pl/oferta/bezposrednio-2-pokojowe-mieszkanie-z-panorama-woli-ID4o2lK,39 m²,pełna własność,2 ,do zamieszkania,10/10,balkon,600 zł,garaż/miejsce parkingowe,tak,miejskie
620160,13600,2,"45,6",https://www.otodom.pl/pl/oferta/zielona-i-spokojna-okolica-do-wlasnej-aranzacji-ID4o2kX,"45,6 m²",pełna własność,2 ,do remontu,3/8,balkon,618 zł,Zapytaj,Zapytaj,miejskie
641000,16436,2,39,https://www.otodom.pl/pl/oferta/2pk-gotowe-stan-deweloperski-metro-ID4o2kq,39 m²,pełna własność,2 ,Zapytaj,3/4,balkon,312 zł,garaż/miejsce parkingowe,Zapytaj,Zapytaj
1869000,21525,3,"86,83",https://www.otodom.pl/pl/oferta/mokotow-sielce-3-pokoje-87m2-taras-parking-ID4o2kg,"86,83 m²",pełna własność,3 ,do zamieszkania,5/6,"balkon, taras",780 zł,garaż/miejsce parkingowe,Zapytaj,miejskie
459000,23418,1,"19,6",https://www.otodom.pl/pl/oferta/kawalerka-w-kamienicy-na-muranowie-dla-inwestora-ID4o2ka,"19,6 m²",pełna własność,Zapytaj,do wykończenia,2/4,Zapytaj,362 zł,Zapytaj,Zapytaj,miejskie
1120000,14000,2,80,https://www.otodom.pl/pl/oferta/elegancki-3-pokojowy-apartament-ID4o2k7,80 m²,pełna własność,2 ,do zamieszkania,6/6,balkon,Zapytaj,garaż/miejsce parkingowe,Zapytaj,Zapytaj
550000,18285,1,"30,08",https://www.otodom.pl/pl/oferta/mieszkanie-pelczynskiego-ID4o2k2,"30,08 m²",Zapytaj,Zapytaj,Zapytaj,8/8,balkon,Zapytaj,Zapytaj,Zapytaj,miejskie
1150000,13529,4,85,https://www.otodom.pl/pl/oferta/4-pokoje-na-sadybie-ogrodek-cicho-ID4o2k0,85 m²,Zapytaj,4 ,do zamieszkania,parter/5,"balkon, ogródek",1 200 zł,Zapytaj,Zapytaj,Zapytaj
1532520,22000,3,"69,66",https://www.otodom.pl/pl/oferta/designerskie-mieszkanie-na-pradze-bezposrednio-ID4o2jZ,"69,66 m²",pełna własność,3 ,do zamieszkania,3/6,Zapytaj,800 zł,Zapytaj,Zapytaj,miejskie
570182,11213,2,"50,85",https://www.otodom.pl/pl/oferta/12min-do-metra-kredyt-2-blisko-ch-targowek-ID4o2jS,"50,85 m²",pełna własność,2 ,do wykończenia,1/2,balkon,355 zł,garaż/miejsce parkingowe,Zapytaj,miejskie
785000,12077,3,65,https://www.otodom.pl/pl/oferta/duze-przestrzenne-na-bielanach-ID4o2jt,65 m²,Zapytaj,3 ,do zamieszkania,10/8,balkon,990 zł,Zapytaj,Zapytaj,Zapytaj
579000,11536,2,"50,19",https://www.otodom.pl/pl/oferta/okazja-2-pokoje-parking-komorka-lokatorska-ID4o2jr,"50,19 m²",pełna własność,2 ,do zamieszkania,2/2,Zapytaj,Zapytaj,garaż/miejsce parkingowe,Zapytaj,Zapytaj
699000,19417,2,36,https://www.otodom.pl/pl/oferta/wyjatkowe-mieszkanie-inwestycyjne-wysokosc-3-3-m-ID4o2jq,36 m²,pełna własność,2 ,do zamieszkania,parter/4,"ogródek, taras",Zapytaj,Zapytaj,Zapytaj,Zapytaj
550000,18966,2,29,https://www.otodom.pl/pl/oferta/2-pokoje-blisko-ch-clif-ID4o2jm,29 m²,pełna własność,2 ,do wykończenia,3/10,Zapytaj,Zapytaj,Zapytaj,Zapytaj,Zapytaj
2800000,22400,5,125,https://www.otodom.pl/pl/oferta/nowe-miasto-125m2-4-sypialnie-ciekawy-uklad-ID4o2jk,125 m²,pełna własność,5 ,do zamieszkania,3/5,Zapytaj,Zapytaj,garaż/miejsce parkingowe,Zapytaj,miejskie
949000,19730,3,"48,1",https://www.otodom.pl/pl/oferta/bez-prowizji-piekne-mieszkanie-w-super-lokalizacji-ID4o2iU,"48,1 m²",spółdzielcze wł. prawo do lokalu,3 ,do zamieszkania,> 10/15,balkon,700 zł,Zapytaj,tak,miejskie
1130000,16108,3,"70,15",https://www.otodom.pl/pl/oferta/3-pok-mieszkanie-miejsce-postojowe-komorka-lok-ID4o2i2,"70,15 m²",pełna własność,3 ,do zamieszkania,4/6,Zapytaj,1 300 zł,garaż/miejsce parkingowe,Zapytaj,miejskie
769000,13732,4,56,https://www.otodom.pl/pl/oferta/4-pokojowe-mieszkanie-na-saskiej-kepie-ID4o2hO,56 m²,Zapytaj,4 ,do wykończenia,3/4,balkon,799 zł,garaż/miejsce parkingowe,Zapytaj,miejskie
519000,18536,1,28,https://www.otodom.pl/pl/oferta/kawalerka-28m2-mokotow-woloska-woronicza-odd-ID4o2gt,28 m²,Zapytaj,Zapytaj,do zamieszkania,1/10,balkon,400 zł,garaż/miejsce parkingowe,Zapytaj,miejskie
954380,17043,3,56,https://www.otodom.pl/pl/oferta/3-pokojowe-mieszkanie-do-sprzedazy-ID4o2gi,56 m²,pełna własność,3 ,Zapytaj,1/4,"ogródek, taras",Zapytaj,garaż/miejsce parkingowe,Zapytaj,Zapytaj
609000,15037,1,"40,5",https://www.otodom.pl/pl/oferta/z-potencjalemfcggcfgcfgcfgcf-ID4o2ew,"40,5 m²",Zapytaj,Zapytaj,do remontu,3/5,balkon,Zapytaj,Zapytaj,Zapytaj,Zapytaj
490494,12740,2,"38,5",https://www.otodom.pl/pl/oferta/dostepne-2-pok-z-ogrodkiem-lub-balkonem-sprawdz-ID4o2eq,"38,5 m²",Zapytaj,2 ,do wykończenia,3/5,"balkon, ogródek, taras",Zapytaj,garaż/miejsce parkingowe,Zapytaj,Zapytaj
630895,11450,3,"55,1",https://www.otodom.pl/pl/oferta/duzy-balkon-9m2-dwie-lazienki-narozne-ID4o2ep,"55,1 m²",Zapytaj,3 ,do wykończenia,4/5,"balkon, ogródek, taras",Zapytaj,garaż/miejsce parkingowe,Zapytaj,Zapytaj
902000,12453,4,"72,43",https://www.otodom.pl/pl/oferta/bialoleka-4-pokoje-72-m2-bez-prowizji-kredyt-ID4o2e1,"72,43 m²",Zapytaj,4 ,Zapytaj,1/3,Zapytaj,Zapytaj,garaż/miejsce parkingowe,Zapytaj,miejskie
694278,12900,3,"53,82",https://www.otodom.pl/pl/oferta/bialoleka-3-pokoje-54-m2-bez-prowizji-kredyt-ID4o2e0,"53,82 m²",Zapytaj,3 ,Zapytaj,1/3,Zapytaj,Zapytaj,Zapytaj,Zapytaj,inne
639288,11700,4,"54,64",https://www.otodom.pl/pl/oferta/bialoleka-4-pokoje-55-m2-bez-prowizji-kredyt-ID4o2dZ,"54,64 m²",Zapytaj,4 ,Zapytaj,parter/3,Zapytaj,Zapytaj,Zapytaj,Zapytaj,inne
754066,12650,3,"59,61",https://www.otodom.pl/pl/oferta/bialoleka-3-pokoje-60-m2-bez-prowizji-kredyt-ID4o2dY,"59,61 m²",Zapytaj,3 ,Zapytaj,2/2,Zapytaj,Zapytaj,garaż/miejsce parkingowe,Zapytaj,gazowe
1024356,14534,3,"70,48",https://www.otodom.pl/pl/oferta/mieszkanie-warszawa-bemowo-ID4o2dX,"70,48 m²",Zapytaj,3 ,Zapytaj,parter/5,Zapytaj,Zapytaj,garaż/miejsce parkingowe,Zapytaj,Zapytaj
679000,14571,3,"46,6",https://www.otodom.pl/pl/oferta/okazjaod-zarazz-ogrodkiem-ID4o2dV,"46,6 m²",Zapytaj,3 ,do remontu,parter/4,ogródek,700 zł,Zapytaj,Zapytaj,Zapytaj
820000,14221,2,"57,66",https://www.otodom.pl/pl/oferta/2-pokoje-duza-widna-kuchnia-lazienka-z-oknem-ursyn-ID4o2dU,"57,66 m²",pełna własność,2 ,do zamieszkania,2/4,balkon,Zapytaj,Zapytaj,Zapytaj,miejskie
735000,20417,2,36,https://www.otodom.pl/pl/oferta/prestizowa-i-historyczna-lokalizacja-do-wejscia-ID4o2dx,36 m²,pełna własność,2 ,do zamieszkania,3/4,balkon,500 zł,Zapytaj,Zapytaj,miejskie
600000,8737,3,"68,67",https://www.otodom.pl/pl/oferta/mieszkanie-68-67-m-warszawa-ID4o2cs,"68,67 m²",Zapytaj,3 ,Zapytaj,parter/1,"ogródek, taras",Zapytaj,Zapytaj,Zapytaj,Zapytaj
698000,13960,2,50,https://www.otodom.pl/pl/oferta/do-wejsciabalkonzielonodobra-komunikacja-ID4o2cr,50 m²,pełna własność,2 ,do zamieszkania,4/4,balkon,650 zł,Zapytaj,Zapytaj,miejskie
1627500,25000,2,"65,1",https://www.otodom.pl/pl/oferta/piekne-mieszkanie-na-osiedlu-przy-ul-stawki-6-ID4o2bK,"65,1 m²",pełna własność,2 ,do zamieszkania,4/6,balkon,800 zł,garaż/miejsce parkingowe,Zapytaj,miejskie
1276000,22053,2,"57,86",https://www.otodom.pl/pl/oferta/wilanow-58-m2-2-pokoje-narozne-ostatnie-pietro-ID4o2bH,"57,86 m²",pełna własność,2 ,do zamieszkania,4/4,balkon,1 050 zł,garaż/miejsce parkingowe,Zapytaj,miejskie
880000,16467,2,"53,44",https://www.otodom.pl/pl/oferta/idealne-na-wynajem-m2-w-centrum-miasta-po-remoncie-ID4o2bp,"53,44 m²",Zapytaj,2 ,do zamieszkania,5/6,balkon,650 zł,Zapytaj,Zapytaj,miejskie
663000,19500,1,34,https://www.otodom.pl/pl/oferta/studio-w-inwestycji-cybernetyki-17-na-sluzewcu-ID4o2bm,34 m²,pełna własność,Zapytaj,do zamieszkania,5/7,"balkon, taras",500 zł,garaż/miejsce parkingowe,Zapytaj,miejskie
4684134,29900,4,"156,66",https://www.otodom.pl/pl/oferta/elegancki-apartament-na-saskiej-kepie-ID4o2b6,"156,66 m²",pełna własność,4 ,do zamieszkania,3/5,"balkon, ogródek, taras",2 030 zł,garaż/miejsce parkingowe,Zapytaj,miejskie
3993020,26500,4,"150,68",https://www.otodom.pl/pl/oferta/piekny-czteropokojowy-apartament-na-saskiej-kepie-ID4o2b4,"150,68 m²",pełna własność,4 ,do zamieszkania,1/5,"balkon, ogródek, taras",2 000 zł,garaż/miejsce parkingowe,Zapytaj,miejskie
1521920,29000,2,"52,48",https://www.otodom.pl/pl/oferta/przytulny-apartament-na-saskiej-kepie-ID4o2b3,"52,48 m²",pełna własność,2 ,do zamieszkania,parter/5,"balkon, ogródek, taras",700 zł,garaż/miejsce parkingowe,Zapytaj,miejskie
615000,13487,2,"45,6",https://www.otodom.pl/pl/oferta/2-pokojowe-45-6m2-bemowo-blisko-metro-ID4o2aA,"45,6 m²",pełna własność,2 ,do remontu,3/10,balkon,600 zł,Zapytaj,Zapytaj,Zapytaj
960000,15000,3,64,https://www.otodom.pl/pl/oferta/3-pokoje-duza-loggia-brodno-ID4o29L,64 m²,Zapytaj,3 ,Zapytaj,4/8,Zapytaj,1 000 zł,Zapytaj,Zapytaj,Zapytaj
463100,12300,2,"37,65",https://www.otodom.pl/pl/oferta/20min-do-centrum-2-pok-czynsz-247zl-wysoki-standa-ID4o29o,"37,65 m²",pełna własność,2 ,do wykończenia,1/2,balkon,247 zł,garaż/miejsce parkingowe,Zapytaj,miejskie
1328880,28000,2,"47,46",https://www.otodom.pl/pl/oferta/piekne-mieszkanie-przy-ul-gornoslaskiej-ID4o27V,"47,46 m²",pełna własność,2 ,do zamieszkania,1/5,Zapytaj,800 zł,Zapytaj,Zapytaj,miejskie
749000,17833,2,42,https://www.otodom.pl/pl/oferta/2-pokoje-balkon-kredyt-2-500m-metro-wilanowska-ID4o27O,42 m²,pełna własność,2 ,Zapytaj,1/10,Zapytaj,890 zł,Zapytaj,Zapytaj,miejskie
959000,9590,4,100,https://www.otodom.pl/pl/oferta/dwa-niezalezne-wejscia-o-powierzchni-100m2-ID4o27G,100 m²,pełna własność,4 ,do zamieszkania,3/4,Zapytaj,Zapytaj,Zapytaj,Zapytaj,gazowe
738447,13100,3,"56,37",https://www.otodom.pl/pl/oferta/3-pok-blisko-lasu-idealne-dla-rodziny-bielany-ID4o27j,"56,37 m²",pełna własność,3 ,Zapytaj,2/3,ogródek,Zapytaj,Zapytaj,Zapytaj,gazowe
780983,17995,2,"43,4",https://www.otodom.pl/pl/oferta/2-pokojwe-mieszkanie-przy-parku-szczesliwickim-ID4o274,"43,4 m²",pełna własność,2 ,do zamieszkania,3/6,balkon,600 zł,Zapytaj,Zapytaj,inne
699000,18892,2,37,https://www.otodom.pl/pl/oferta/2-pokoje-balkon-garaz-komorka-spokojna-okolica-ID4o26O,37 m²,pełna własność,2 ,do zamieszkania,1/2,balkon,770 zł,garaż/miejsce parkingowe,Zapytaj,miejskie
799000,12784,3,"62,5",https://www.otodom.pl/pl/oferta/blisko-ronda-wiatraczna-rozkladowe-z-loggia-ID4o26H,"62,5 m²",Zapytaj,3 ,do zamieszkania,7/16,balkon,1 300 zł,Zapytaj,Zapytaj,miejskie
"796897,80",12631,3,"63,09",https://www.otodom.pl/pl/oferta/nowe-mieszkanie-na-osiedlu-nowodwory-ID4o26D,"63,09 m²",Zapytaj,3 ,do wykończenia,2/4,Zapytaj,Zapytaj,garaż/miejsce parkingowe,Zapytaj,miejskie
935000,16690,2,"56,02",https://www.otodom.pl/pl/oferta/dwa-pokoje-przy-metrze-kabaty-ID4o261,"56,02 m²",Zapytaj,2 ,do zamieszkania,6/7,balkon,800 zł,garaż/miejsce parkingowe,Zapytaj,miejskie
880000,16576,2,"53,09",https://www.otodom.pl/pl/oferta/mieszkanie-w-inwestycji-aura-sky-ID4o25O,"53,09 m²",pełna własność,2 ,do zamieszkania,2/26,balkon,700 zł,Zapytaj,Zapytaj,miejskie
717600,11089,4,"64,71",https://www.otodom.pl/pl/oferta/mieszkanie-nowe-4-pok-65-m2-ul-aluzyjna-2-ID4o255,"64,71 m²",pełna własność,4 ,do wykończenia,1/4,balkon,Zapytaj,garaż/miejsce parkingowe,Zapytaj,gazowe
440000,15385,1,"28,6",https://www.otodom.pl/pl/oferta/jednopokojowe-100m-od-stacji-metro-brod-ID4o24E,"28,6 m²",pełna własność,Zapytaj,do wykończenia,parter/4,Zapytaj,370 zł,garaż/miejsce parkingowe,Zapytaj,Zapytaj
799999,13115,3,61,https://www.otodom.pl/pl/oferta/kredyt-2-blisko-metra-przy-parku-gorczewska-ID4o24w,61 m²,spółdzielcze wł. prawo do lokalu,3 ,do zamieszkania,1/9,balkon,850 zł,garaż/miejsce parkingowe,tak,miejskie
1044680,20500,2,"50,96",https://www.otodom.pl/pl/oferta/mieszkanie-50-96-m-warszawa-ID4o24r,"50,96 m²",pełna własność,2 ,Zapytaj,4/8,taras,Zapytaj,Zapytaj,Zapytaj,Zapytaj
1250000,21552,2,58,https://www.otodom.pl/pl/oferta/metro-swietokrzyska-58m2-do-remontu-okazja-ID4o246,58 m²,pełna własność,2 ,do remontu,3/6,Zapytaj,Zapytaj,Zapytaj,Zapytaj,Zapytaj
909000,18180,4,50,https://www.otodom.pl/pl/oferta/4-pokoje-po-generalnym-metro-wierzbno-raclawicka-ID4o242,50 m²,pełna własność,4 ,do zamieszkania,3/10,balkon,800 zł,Zapytaj,Zapytaj,miejskie
1070000,17258,3,62,https://www.otodom.pl/pl/oferta/3-pokojowe-mieszkanie-na-sprzedaz-ID4o23T,62 m²,pełna własność,3 ,Zapytaj,1/8,balkon,Zapytaj,garaż/miejsce parkingowe,Zapytaj,Zapytaj
650000,14130,2,46,https://www.otodom.pl/pl/oferta/2-pokoje-w-nowym-budownictwie-balkon-bialoleka-ID4o23k,46 m²,pełna własność,2 ,do zamieszkania,2/3,balkon,Zapytaj,garaż/miejsce parkingowe,Zapytaj,miejskie
790000,14107,2,56,https://www.otodom.pl/pl/oferta/2-pokoje-2-balkony-ogrodek-ul-suchodolska-ID4o227,56 m²,pełna własność,2 ,do zamieszkania,parter/2,"balkon, ogródek",700 zł,Zapytaj,Zapytaj,miejskie
699000,15000,3,"46,6",https://www.otodom.pl/pl/oferta/ogrod-dobra-komunikacja-mile-sasiedztwo-ID4o21Y,"46,6 m²",Zapytaj,3 ,do remontu,parter/4,ogródek,700 zł,garaż/miejsce parkingowe,Zapytaj,miejskie
599000,13950,2,"42,94",https://www.otodom.pl/pl/oferta/idealna-lokalizacja-obok-galerii-12-min-do-metra-ID4o21V,"42,94 m²",Zapytaj,2 ,do remontu,7/10,balkon,700 zł,Zapytaj,Zapytaj,miejskie
740000,26948,1,"27,46",https://www.otodom.pl/pl/oferta/27-m2-idealne-do-inwestycji-blisko-m1-ID4o21W,"27,46 m²",pełna własność,Zapytaj,do zamieszkania,3/5,balkon,400 zł,garaż/miejsce parkingowe,Zapytaj,miejskie
455000,23333,1,"19,5",https://www.otodom.pl/pl/oferta/kawalerka-na-zoliborzu-455-tys-prawdziwa-okazja-ID4o21T,"19,5 m²",Zapytaj,Zapytaj,do zamieszkania,5/10,Zapytaj,503 zł,Zapytaj,Zapytaj,miejskie
997000,14770,3,"67,5",https://www.otodom.pl/pl/oferta/ciche-funkcjonalne-mieszkanie-w-niskiej-zabudowie-ID4o21S,"67,5 m²",pełna własność,3 ,Zapytaj,2/3,Zapytaj,890 zł,Zapytaj,Zapytaj,miejskie
600000,13106,2,"45,78",https://www.otodom.pl/pl/oferta/2-niezalezne-pokoje-blisko-centrum-ID4o21A,"45,78 m²",pełna własność,2 ,do wykończenia,3/3,Zapytaj,800 zł,Zapytaj,Zapytaj,miejskie
920000,21311,2,"43,17",https://www.otodom.pl/pl/oferta/dwupokojowe-mieszkanie-43-17-mkw-na-goclawiu-ID4o21s,"43,17 m²",pełna własność,2 ,do zamieszkania,5/5,ogródek,1 zł,garaż/miejsce parkingowe,Zapytaj,miejskie
570000,15405,2,37,https://www.otodom.pl/pl/oferta/narozne-mieszkanie-w-kamienicy-ID4o21g,37 m²,pełna własność,2 ,do zamieszkania,1/3,Zapytaj,450 zł,garaż/miejsce parkingowe,Zapytaj,miejskie
695000,14914,3,"46,6",https://www.otodom.pl/pl/oferta/warszawa-mokotow-ul-sobieskiego-ID4o21c,"46,6 m²",Zapytaj,3 ,Zapytaj,parter/4,ogródek,700 zł,garaż/miejsce parkingowe,Zapytaj,Zapytaj
1150000,23000,2,50,https://www.otodom.pl/pl/oferta/kamienica-z-winda-mieszkanie-2-pok-wysokosc-3-20-ID4o20O,50 m²,pełna własność,2 ,do zamieszkania,3/5,balkon,Zapytaj,Zapytaj,Zapytaj,Zapytaj
615162,11100,3,"55,42",https://www.otodom.pl/pl/oferta/3pok55-42mkwbezpiecznykredyt2-nowe-ID4o204,"55,42 m²",pełna własność,3 ,do wykończenia,3/5,Zapytaj,Zapytaj,garaż/miejsce parkingowe,Zapytaj,miejskie
1567678,13097,4,"119,7",https://www.otodom.pl/pl/oferta/bemowo-i-4-pokoje-i-metro-i-gotowe-ID4o1ZW,"119,7 m²",Zapytaj,4 ,Zapytaj,1/3,Zapytaj,Zapytaj,Zapytaj,Zapytaj,Zapytaj
1655158,13990,4,"118,31",https://www.otodom.pl/pl/oferta/4-pokoje-i-taras-i-metro-i-bez-pcc-ID4o1ZT,"118,31 m²",Zapytaj,4 ,Zapytaj,2/3,Zapytaj,Zapytaj,Zapytaj,Zapytaj,Zapytaj
619100,12139,3,51,https://www.otodom.pl/pl/oferta/taras-56m2-widna-kuchnia-m3-12min-do-metra-ID4o1Z0,51 m²,pełna własność,3 ,do wykończenia,1/2,"balkon, taras",350 zł,garaż/miejsce parkingowe,Zapytaj,miejskie
799990,17505,2,"45,7",https://www.otodom.pl/pl/oferta/mieszkanie-2-pokojowe-z-osobna-widna-kuchnia-ID4o1YT,"45,7 m²",pełna własność,2 ,do zamieszkania,1/4,balkon,600 zł,Zapytaj,Zapytaj,miejskie
2100000,17500,5,120,https://www.otodom.pl/pl/oferta/apt-o-pow-120m2-5-pok-2-balkony-ursynow-lux-ID4o1X1,120 m²,pełna własność,5 ,do zamieszkania,1/8,balkon,Zapytaj,garaż/miejsce parkingowe,Zapytaj,Zapytaj
741000,12350,3,60,https://www.otodom.pl/pl/oferta/ogrod-176m2-widok-na-las-widna-kuchnia-gotowe-ID4o1Vz,60 m²,pełna własność,3 ,do wykończenia,parter/3,"ogródek, taras",390 zł,garaż/miejsce parkingowe,Zapytaj,miejskie
1710000,22800,3,75,https://www.otodom.pl/pl/oferta/do-sprzedania-mieszkanie-3-pokojowe-ID4o1Vm,75 m²,pełna własność,3 ,Zapytaj,3/5,balkon,Zapytaj,garaż/miejsce parkingowe,Zapytaj,Zapytaj
829935,15692,3,"52,89",https://www.otodom.pl/pl/oferta/gotowe-do-odbioru-3-pokojowe-mieszkanie-ursynow-ID4o1Vl,"52,89 m²",Zapytaj,3 ,Zapytaj,1/5,balkon,Zapytaj,garaż/miejsce parkingowe,Zapytaj,Zapytaj
628020,16919,2,"37,12",https://www.otodom.pl/pl/oferta/gotowe-do-odbioru-2-pokojowe-mieszkanie-ursynow-ID4o1Vi,"37,12 m²",Zapytaj,2 ,Zapytaj,1/5,balkon,Zapytaj,garaż/miejsce parkingowe,Zapytaj,Zapytaj
587664,11200,3,"52,47",https://www.otodom.pl/pl/oferta/nowe-3-pokojowe-mieszkanie-bialoleka-ID4o1Vh,"52,47 m²",Zapytaj,3 ,Zapytaj,2/3,balkon,Zapytaj,garaż/miejsce parkingowe,Zapytaj,Zapytaj
1170000,16250,3,72,https://www.otodom.pl/pl/oferta/do-sprzedania-3-pokojowe-mieszkanie-ID4o1Vf,72 m²,Zapytaj,3 ,Zapytaj,parter/5,"ogródek, taras",Zapytaj,Zapytaj,Zapytaj,Zapytaj
490496,12800,2,"38,32",https://www.otodom.pl/pl/oferta/2pok38-32mkwbezpiecznykredyt2-nowe-ID4o1WU,"38,32 m²",pełna własność,2 ,do wykończenia,1/5,Zapytaj,Zapytaj,garaż/miejsce parkingowe,Zapytaj,miejskie
1060000,13713,3,"77,3",https://www.otodom.pl/pl/oferta/apartament-z-tarasem-130m2-w-zabkach-ID4o1Wp,"77,3 m²",pełna własność,3 ,do zamieszkania,parter/4,taras,800 zł,Zapytaj,Zapytaj,miejskie
420000,20864,1,"20,13",https://www.otodom.pl/pl/oferta/mieszkanie-20-13-m-warszawa-ID4o1Wn,"20,13 m²",Zapytaj,Zapytaj,do remontu,3/4,Zapytaj,Zapytaj,Zapytaj,Zapytaj,Zapytaj
459000,18000,10,"25,5",https://www.otodom.pl/pl/oferta/kawalerka-do-wprowadzenia-m-ks-janusza-ID4o1Wm,"25,5 m²",Zapytaj,Zapytaj,Zapytaj,5/7,balkon,520 zł,Zapytaj,Zapytaj,miejskie
479000,12500,2,"38,32",https://www.otodom.pl/pl/oferta/mieszkanie-38-32-m2-2-pokoje-rembertow-ID4o1UE,"38,32 m²",pełna własność,2 ,do wykończenia,parter/5,Zapytaj,Zapytaj,garaż/miejsce parkingowe,Zapytaj,miejskie
525000,21000,1,25,https://www.otodom.pl/pl/oferta/zoliborz-25-m2-kw-metro-arkadia-ID4o1UB,25 m²,pełna własność,Zapytaj,do zamieszkania,parter/10,Zapytaj,400 zł,Zapytaj,tak,miejskie
675000,14362,3,47,https://www.otodom.pl/pl/oferta/3-pokojowe-mieszkanie-z-ogrodkiem-na-parterze-do-r-ID4o1Ty,47 m²,Zapytaj,3 ,do remontu,parter/4,ogródek,700 zł,garaż/miejsce parkingowe,Zapytaj,Zapytaj
750000,13902,2,"53,95",https://www.otodom.pl/pl/oferta/2-pok-piekny-taras-garderoba-garaz-komorka-ID4o1ST,"53,95 m²",Zapytaj,2 ,Zapytaj,1/8,taras,695 zł,garaż/miejsce parkingowe,Zapytaj,Zapytaj
2299000,19088,5,"120,44",https://www.otodom.pl/pl/oferta/5-pokojowy-apartament-dla-rodziny-na-zoliborzu-ID4o1SQ,"120,44 m²",pełna własność,5 ,do zamieszkania,1/6,Zapytaj,Zapytaj,garaż/miejsce parkingowe,Zapytaj,miejskie
2299000,19088,4,"120,44",https://www.otodom.pl/pl/oferta/4-pokojowy-apartament-dla-rodziny-na-zoliborzu-ID4o1SO,"120,44 m²",pełna własność,4 ,do zamieszkania,1/6,Zapytaj,Zapytaj,garaż/miejsce parkingowe,Zapytaj,miejskie
969000,13458,4,72,https://www.otodom.pl/pl/oferta/mieszkanie-72-m2-4-pokoje-warszawa-ursynow-ID4o1Sp,72 m²,Zapytaj,4 ,do wykończenia,4/4,"balkon, taras",800 zł,garaż/miejsce parkingowe,Zapytaj,Zapytaj
525000,21000,1,25,https://www.otodom.pl/pl/oferta/srodmiescie-25-m2-kw-metro-muranow-ID4o1Se,25 m²,pełna własność,Zapytaj,do zamieszkania,parter/10,Zapytaj,400 zł,Zapytaj,Zapytaj,miejskie
829000,17453,3,"47,5",https://www.otodom.pl/pl/oferta/przytulne-i-przestronne-mieszkanie-3-pokoje-gar-ID4o1S9,"47,5 m²",spółdzielcze wł. prawo do lokalu,3 ,do zamieszkania,parter/4,Zapytaj,750 zł,Zapytaj,Zapytaj,miejskie
749000,17953,2,"41,72",https://www.otodom.pl/pl/oferta/dwa-pokoje-wykonczone-z-pelnym-wyposazeniem-ID4o1RS,"41,72 m²",pełna własność,2 ,do zamieszkania,1/3,balkon,400 zł,garaż/miejsce parkingowe,tak,gazowe
626938,11601,3,"54,04",https://www.otodom.pl/pl/oferta/gotowe-wysoki-standard-czynsz-355zl-20min-do-centr-ID4o1Rb,"54,04 m²",pełna własność,3 ,do wykończenia,2/3,balkon,355 zł,garaż/miejsce parkingowe,Zapytaj,miejskie
1600000,18391,4,87,https://www.otodom.pl/pl/oferta/ul-libijska-4-pokoje-na-saskiej-kepie-ID4o1QX,87 m²,pełna własność,4 ,Zapytaj,2/3,balkon,Zapytaj,garaż/miejsce parkingowe,Zapytaj,miejskie
740000,11935,3,62,https://www.otodom.pl/pl/oferta/mieszkanie-gotowe-do-wprowadzenia-3-pokoje-ID4o1QM,62 m²,Zapytaj,3 ,do zamieszkania,parter/12,balkon,Zapytaj,garaż/miejsce parkingowe,Zapytaj,miejskie
759000,13534,2,"56,08",https://www.otodom.pl/pl/oferta/2-pokoje-56m2-100m-do-metra-natolin-ID4o1Qq,"56,08 m²",Zapytaj,2 ,do wykończenia,> 10/15,Zapytaj,700 zł,Zapytaj,Zapytaj,miejskie
990000,24146,2,41,https://www.otodom.pl/pl/oferta/2-pokojowe-41m2-do-wprowadzenia-ID4o1Qp,41 m²,pełna własność,2 ,do zamieszkania,1/5,balkon,430 zł,Zapytaj,Zapytaj,miejskie
544000,20148,1,27,https://www.otodom.pl/pl/oferta/kawalerka-27m2-nowolipki-ID4o1Qn,27 m²,Zapytaj,Zapytaj,do zamieszkania,2/9,Zapytaj,Zapytaj,Zapytaj,Zapytaj,miejskie
567675,13500,2,"42,05",https://www.otodom.pl/pl/oferta/nowe-dwupokojowe-mieszkanie-z-ogrodkiem-ID4o1PQ,"42,05 m²",pełna własność,2 ,Zapytaj,parter/2,ogródek,Zapytaj,Zapytaj,Zapytaj,miejskie
1900000,18447,3,103,https://www.otodom.pl/pl/oferta/przestronny-apartament-na-mokotowie-ID4o1OW,103 m²,Zapytaj,3 ,Zapytaj,2/4,taras,1 400 zł,garaż/miejsce parkingowe,Zapytaj,Zapytaj
635000,17162,2,37,https://www.otodom.pl/pl/oferta/1-2-pokoje-balkon-niska-zabudowa-muzeum-polin-ID4o1OM,37 m²,Zapytaj,2 ,Zapytaj,3/4,Zapytaj,Zapytaj,Zapytaj,Zapytaj,miejskie
900000,18876,2,"47,68",https://www.otodom.pl/pl/oferta/sprzedam-bezposrednio-47-metrowe-mieszkanie-ID4o1OD,"47,68 m²",pełna własność,2 ,do zamieszkania,1/3,balkon,Zapytaj,garaż/miejsce parkingowe,Zapytaj,Zapytaj
930000,12917,3,72,https://www.otodom.pl/pl/oferta/komfortowe-72-m2-na-skoroszach-ID4o1Ow,72 m²,pełna własność,3 ,do zamieszkania,5/6,Zapytaj,Zapytaj,Zapytaj,Zapytaj,Zapytaj
1050000,14000,3,75,https://www.otodom.pl/pl/oferta/ladne-3-pokoje-z-garazem-i-komorka-ID4o1Or,75 m²,pełna własność,3 ,Zapytaj,6/7,balkon,796 zł,garaż/miejsce parkingowe,Zapytaj,Zapytaj
570100,11231,3,"50,76",https://www.otodom.pl/pl/oferta/20min-do-centrum-czynsz-332zl-wysoki-standard-ID4o1Oi,"50,76 m²",pełna własność,3 ,do wykończenia,2/2,balkon,332 zł,garaż/miejsce parkingowe,Zapytaj,miejskie
669000,17840,2,"37,5",https://www.otodom.pl/pl/oferta/mieszkanie-37-5m2-2-pokoje-srodmiescie-solec-ID4o1O7,"37,5 m²",spółdzielcze wł. prawo do lokalu,2 ,do remontu,10/10,balkon,Zapytaj,Zapytaj,Zapytaj,miejskie
423392,12254,2,"34,55",https://www.otodom.pl/pl/oferta/12min-do-metram-2-pokoje-blisko-ch-targowek-ID4o1NT,"34,55 m²",pełna własność,2 ,do wykończenia,1/2,balkon,233 zł,garaż/miejsce parkingowe,Zapytaj,miejskie
2999999,23220,4,"129,2",https://www.otodom.pl/pl/oferta/wyjatkowy-apartament-pola-mokotowskie-ID4o1NH,"129,2 m²",pełna własność,4 ,do zamieszkania,1/7,balkon,1 500 zł,garaż/miejsce parkingowe,Zapytaj,miejskie
786000,15412,2,51,https://www.otodom.pl/pl/oferta/bezposrednio-ursynow-piekne-2-pokoje-kredyt-2-ID4o1MX,51 m²,pełna własność,2 ,do zamieszkania,2/6,balkon,688 zł,Zapytaj,Zapytaj,miejskie
960000,15116,3,"63,51",https://www.otodom.pl/pl/oferta/3pokoje-obok-parku-ID4o1MR,"63,51 m²",Zapytaj,3 ,Zapytaj,parter/4,balkon,Zapytaj,Zapytaj,Zapytaj,inne
550000,19848,1,"27,71",https://www.otodom.pl/pl/oferta/kawalerka-w-centrum-warszawy-plac-grzybowski-ID4o1MP,"27,71 m²",pełna własność,Zapytaj,Zapytaj,> 10/15,Zapytaj,540 zł,Zapytaj,Zapytaj,miejskie
"652748,80",14080,2,"46,36",https://www.otodom.pl/pl/oferta/brodno-sloneczne-metro-652tys-zl-okazja-ID4o1MO,"46,36 m²",pełna własność,2 ,do wykończenia,5/8,"balkon, taras",560 zł,garaż/miejsce parkingowe,Zapytaj,Zapytaj
1499000,24177,2,62,https://www.otodom.pl/pl/oferta/apartament-2-pokojowy-rynek-nowego-miasta-ID4o1MK,62 m²,pełna własność,2 ,do zamieszkania,parter/3,Zapytaj,900 zł,Zapytaj,Zapytaj,miejskie
645000,14333,2,45,https://www.otodom.pl/pl/oferta/2-pokoje-ul-ryzowa-48-ID4o1MI,45 m²,pełna własność,2 ,do zamieszkania,1/7,"balkon, ogródek",Zapytaj,Zapytaj,Zapytaj,Zapytaj
1020000,17000,3,60,https://www.otodom.pl/pl/oferta/nowoczesne-3pok-z-duzym-balkonem-2xparking-komorka-ID4o1Mu,60 m²,pełna własność,3 ,do zamieszkania,1/2,balkon,695 zł,garaż/miejsce parkingowe,tak,miejskie
754000,16499,3,"45,7",https://www.otodom.pl/pl/oferta/3-osobne-pokoje-45-7m2-mokotow-ul-czerniakowska-ID4o1M6,"45,7 m²",pełna własność,3 ,do zamieszkania,2/4,balkon,Zapytaj,Zapytaj,Zapytaj,miejskie
1106600,11000,4,"100,6",https://www.otodom.pl/pl/oferta/mieszkanie-100-60-m-warszawa-ID4o1Lz,"100,6 m²",Zapytaj,4 ,Zapytaj,3/4,balkon,Zapytaj,Zapytaj,Zapytaj,miejskie
900000,19798,2,"45,46",https://www.otodom.pl/pl/oferta/mieszkanie-45-m-na-jana-kazimierza-ID4o1Lj,"45,46 m²",pełna własność,2 ,do wykończenia,Zapytaj,balkon,520 zł,garaż/miejsce parkingowe,Zapytaj,Zapytaj
1250000,17361,4,72,https://www.otodom.pl/pl/oferta/eleganckie-mieszkanie-z-ogrodem-w-cichej-okolicy-ID4o1KO,72 m²,pełna własność,4 ,do zamieszkania,parter/2,"ogródek, taras",500 zł,garaż/miejsce parkingowe,Zapytaj,gazowe
737000,12930,3,57,https://www.otodom.pl/pl/oferta/3-pokoje-57m2-balkon-balaton-ID4o1IC,57 m²,Zapytaj,3 ,do zamieszkania,> 10/15,Zapytaj,Zapytaj,Zapytaj,Zapytaj,miejskie
999000,18881,2,"52,91",https://www.otodom.pl/pl/oferta/dwa-pokoje-z-widokiem-na-patio-ID4o1Hu,"52,91 m²",pełna własność,2 ,do zamieszkania,2/4,balkon,950 zł,garaż/miejsce parkingowe,Zapytaj,miejskie
770000,16156,3,"47,66",https://www.otodom.pl/pl/oferta/3-pokoje-pietro-4-tramwaj-100m-garaz-ID4o1GT,"47,66 m²",pełna własność,3 ,do wykończenia,4/5,balkon,520 zł,garaż/miejsce parkingowe,Zapytaj,miejskie
390000,10986,2,"35,5",https://www.otodom.pl/pl/oferta/sprzedam-lokal-35-5-m-ID4o1GJ,"35,5 m²",pełna własność,2 ,do zamieszkania,suterena/3,Zapytaj,230 zł,Zapytaj,Zapytaj,elektryczne
720000,12698,3,"56,7",https://www.otodom.pl/pl/oferta/bielany-3-pokoje-56-7m2-sprzedam-ID4o1Gt,"56,7 m²",Zapytaj,3 ,do remontu,6/15,balkon,870 zł,Zapytaj,tak,miejskie
398000,22111,1,18,https://www.otodom.pl/pl/oferta/kawalerka-dla-singla-18-m2-super-lokalizacja-ID4o1EE,18 m²,Zapytaj,Zapytaj,do zamieszkania,6/10,Zapytaj,300 zł,Zapytaj,Zapytaj,Zapytaj
1150000,20175,2,57,https://www.otodom.pl/pl/oferta/przytulne-m2-metro-blisko-centrum-ID4o1Dj,57 m²,pełna własność,2 ,do zamieszkania,6/30,Zapytaj,820 zł,Zapytaj,Zapytaj,miejskie
647000,15259,2,"42,4",https://www.otodom.pl/pl/oferta/wysoki-standard-przytulne-dobrze-skomunikowane-ID4o1CT,"42,4 m²",pełna własność,2 ,do zamieszkania,7/7,balkon,530 zł,Zapytaj,Zapytaj,miejskie
578000,15251,2,"37,9",https://www.otodom.pl/pl/oferta/poelecam-2-pokoje-z-balkonem-ID4o1CL,"37,9 m²",Zapytaj,2 ,Zapytaj,8/10,balkon,Zapytaj,Zapytaj,Zapytaj,inne
720360,27000,1,"26,68",https://www.otodom.pl/pl/oferta/piekna-kawalerka-przy-placu-konstytucji-ID4o1C0,"26,68 m²",pełna własność,Zapytaj,do zamieszkania,1/5,Zapytaj,500 zł,Zapytaj,Zapytaj,miejskie
625000,14881,2,42,https://www.otodom.pl/pl/oferta/dwupak-mokotow-ul-jadzwingow-20-42m2-ID4o1BD,42 m²,pełna własność,2 ,do remontu,5/8,Zapytaj,900 zł,Zapytaj,Zapytaj,Zapytaj
1699000,13625,5,"124,7",https://www.otodom.pl/pl/oferta/bialoleka-124-7m2-5-pokoi-2-poziomy-wysoki-standar-ID4o1AY,"124,7 m²",spółdzielcze wł. prawo do lokalu,5 ,do zamieszkania,3/3,balkon,1 500 zł,garaż/miejsce parkingowe,Zapytaj,miejskie
855000,18750,2,"45,6",https://www.otodom.pl/pl/oferta/2-pok-46-m-parter-komorka-klima-smart-home-ID4o1AL,"45,6 m²",pełna własność,2 ,do zamieszkania,parter/3,ogródek,690 zł,garaż/miejsce parkingowe,tak,miejskie
500000,13333,2,"37,5",https://www.otodom.pl/pl/oferta/2-pokoje-37-5m2-bielany-wrzeciono-prywatnie-ID4o1yY,"37,5 m²",spółdzielcze wł. prawo do lokalu,2 ,do zamieszkania,4/4,Zapytaj,650 zł,Zapytaj,Zapytaj,miejskie
1700000,30758,2,"55,27",https://www.otodom.pl/pl/oferta/wysoki-standard-apartamenty-na-powislu-przy-parku-ID4o1yI,"55,27 m²",pełna własność,2 ,do zamieszkania,3/5,balkon,Zapytaj,garaż/miejsce parkingowe,Zapytaj,Zapytaj
615162,11100,3,"55,42",https://www.otodom.pl/pl/oferta/idealne-dla-rodziny-aneks-z-oknem-kredyt-2-ID4o1wW,"55,42 m²",Zapytaj,3 ,do wykończenia,3/5,"balkon, ogródek, taras",Zapytaj,garaż/miejsce parkingowe,Zapytaj,Zapytaj
509656,13300,2,"38,32",https://www.otodom.pl/pl/oferta/ostatnie-2-pok-z-pieknymi-ogrodkami-kredyt-2-ID4o1wU,"38,32 m²",Zapytaj,2 ,do wykończenia,parter/5,"balkon, ogródek, taras",Zapytaj,garaż/miejsce parkingowe,Zapytaj,Zapytaj
785000,12651,3,"62,05",https://www.otodom.pl/pl/oferta/ustawne-dwustronne-kredyt-2-ID4o1wT,"62,05 m²",Zapytaj,3 ,do wykończenia,2/3,"balkon, taras",Zapytaj,garaż/miejsce parkingowe,Zapytaj,Zapytaj
629000,14321,2,"43,92",https://www.otodom.pl/pl/oferta/idealne-pod-inwestycje-kameralnie-zielono-ID4o1wS,"43,92 m²",Zapytaj,2 ,do wykończenia,3/3,"balkon, taras",Zapytaj,garaż/miejsce parkingowe,Zapytaj,Zapytaj
415000,15785,1,"26,29",https://www.otodom.pl/pl/oferta/inwestycyjne-kredyt-2-ID4o1wR,"26,29 m²",Zapytaj,Zapytaj,do wykończenia,3/3,"balkon, taras",Zapytaj,garaż/miejsce parkingowe,Zapytaj,Zapytaj
725151,14700,3,"49,33",https://www.otodom.pl/pl/oferta/idealny-uklad-widna-lazienka-skm-autobus-ID4o1wQ,"49,33 m²",Zapytaj,3 ,do wykończenia,1/3,balkon,Zapytaj,garaż/miejsce parkingowe,Zapytaj,Zapytaj
564000,15000,2,"37,6",https://www.otodom.pl/pl/oferta/taras-okno-w-lazience-dwustronne-skm-prawie-gotowe-ID4o1wP,"37,6 m²",Zapytaj,2 ,do wykończenia,3/3,balkon,Zapytaj,garaż/miejsce parkingowe,Zapytaj,Zapytaj
787625,14780,3,"53,29",https://www.otodom.pl/pl/oferta/dwustronne-zielona-okolica-bazarek-autobus-ID4o1wO,"53,29 m²",Zapytaj,3 ,do wykończenia,1/3,balkon,Zapytaj,garaż/miejsce parkingowe,Zapytaj,Zapytaj
2071000,19000,5,109,https://www.otodom.pl/pl/oferta/mieszkanie-na-drugim-pietrze-na-warszawskiej-woli-ID4o1ww,109 m²,pełna własność,5 ,do wykończenia,2/4,balkon,Zapytaj,garaż/miejsce parkingowe,Zapytaj,miejskie
459500,12419,2,37,https://www.otodom.pl/pl/oferta/wyjatkowe-eco-berensona-kredyt-2-bezposrednio-ID4o1uX,37 m²,pełna własność,2 ,do wykończenia,Zapytaj,balkon,250 zł,garaż/miejsce parkingowe,Zapytaj,Zapytaj
850000,16932,2,"50,2",https://www.otodom.pl/pl/oferta/mieszkanie-50-2m2-garaz-winda-ID4o1uO,"50,2 m²",Zapytaj,2 ,do zamieszkania,2/7,balkon,650 zł,garaż/miejsce parkingowe,Zapytaj,miejskie
417000,12265,2,34,https://www.otodom.pl/pl/oferta/wyjatkowe-eco-berensona-kredyt-2-bezposrednio-ID4o1uN,34 m²,pełna własność,2 ,do wykończenia,Zapytaj,balkon,200 zł,garaż/miejsce parkingowe,Zapytaj,Zapytaj
1324080,27000,2,"49,04",https://www.otodom.pl/pl/oferta/wyjatkowy-apartament-w-kamienicy-ID4o1ux,"49,04 m²",Zapytaj,2 ,Zapytaj,2/3,Zapytaj,Zapytaj,garaż/miejsce parkingowe,Zapytaj,Zapytaj
755000,22337,1,"33,8",https://www.otodom.pl/pl/oferta/warsawspire-1-2-pok-taras-ogrodek-apartamentowiec-ID4o1ur,"33,8 m²",pełna własność,Zapytaj,do zamieszkania,Zapytaj,"balkon, ogródek, taras",500 zł,garaż/miejsce parkingowe,tak,miejskie
649900,14315,2,"45,4",https://www.otodom.pl/pl/oferta/kredyt-2-dwa-pokoje-ciche-oraz-komfortowe-ID4o1u3,"45,4 m²",pełna własność,2 ,do zamieszkania,2/3,balkon,Zapytaj,Zapytaj,Zapytaj,miejskie
1400000,14832,3,"94,39",https://www.otodom.pl/pl/oferta/odkryj-urok-niskiego-wilanowa-ID4o1sY,"94,39 m²",pełna własność,3 ,do zamieszkania,1/3,balkon,1 100 zł,garaż/miejsce parkingowe,Zapytaj,Zapytaj
690000,12801,1,"53,9",https://www.otodom.pl/pl/oferta/przytulne-mieszkanie-idealne-dla-rodziny-2-2-ID4o1sB,"53,9 m²",pełna własność,Zapytaj,do zamieszkania,2/2,balkon,Zapytaj,garaż/miejsce parkingowe,Zapytaj,miejskie
630000,20840,1,"30,23",https://www.otodom.pl/pl/oferta/2-pokoje-balkonem-blisko-centrum-ID4o1sx,"30,23 m²",pełna własność,Zapytaj,do zamieszkania,3/7,balkon,330 zł,Zapytaj,Zapytaj,miejskie
620000,19558,2,"31,7",https://www.otodom.pl/pl/oferta/2-pokojeprzy-galerii-mokotow-ID4o1sv,"31,7 m²",Zapytaj,2 ,do zamieszkania,7/11,Zapytaj,500 zł,garaż/miejsce parkingowe,Zapytaj,miejskie
560000,11915,2,47,https://www.otodom.pl/pl/oferta/2-pokojebalkonprzy-lesie-ID4o1sh,47 m²,Zapytaj,2 ,do zamieszkania,parter/4,Zapytaj,560 zł,garaż/miejsce parkingowe,Zapytaj,miejskie
644000,14123,2,"45,6",https://www.otodom.pl/pl/oferta/2-pokojebalkonblisko-centrum-ID4o1sg,"45,6 m²",pełna własność,2 ,do zamieszkania,3/10,balkon,618 zł,garaż/miejsce parkingowe,Zapytaj,Zapytaj
550000,11161,2,"49,28",https://www.otodom.pl/pl/oferta/2-pokoje-akademia-sztuki-pieknej-ID4o1sf,"49,28 m²",pełna własność,2 ,do zamieszkania,1/2,Zapytaj,1 200 zł,garaż/miejsce parkingowe,Zapytaj,gazowe
898000,12455,3,"72,1",https://www.otodom.pl/pl/oferta/3-pokoje-rondo-wiatraczna-72-m2-parking-ID4o1s5,"72,1 m²",pełna własność,3 ,do zamieszkania,10/10,balkon,Zapytaj,garaż/miejsce parkingowe,Zapytaj,Zapytaj
1049000,17483,2,60,https://www.otodom.pl/pl/oferta/2-lub-3-pokoje-z-ogrodkami-na-przeciwko-park-u-ID4o1rY,60 m²,Zapytaj,2 ,do zamieszkania,parter/3,"balkon, ogródek",930 zł,garaż/miejsce parkingowe,Zapytaj,miejskie
659000,7322,2,90,https://www.otodom.pl/pl/oferta/mieszkanie-90m2-na-zielonym-targowku-ID4o1rU,90 m²,pełna własność,2 ,Zapytaj,parter/5,Zapytaj,880 zł,garaż/miejsce parkingowe,Zapytaj,Zapytaj
1000000,23256,2,43,https://www.otodom.pl/pl/oferta/0-prowizji-przy-arkadii-recepcja-garderoba-ID4o1rM,43 m²,pełna własność,2 ,do zamieszkania,5/6,balkon,650 zł,garaż/miejsce parkingowe,tak,miejskie
630000,15236,2,"41,35",https://www.otodom.pl/pl/oferta/mieszkanie-2-pokojowe-wlochy-ID4o1qu,"41,35 m²",Zapytaj,2 ,do wykończenia,1/6,Zapytaj,Zapytaj,Zapytaj,Zapytaj,Zapytaj
895000,15299,4,"58,5",https://www.otodom.pl/pl/oferta/takiego-mieszkania-jeszcze-nie-bylo-i-to-4-pok-ID4o1qe,"58,5 m²",pełna własność,4 ,do zamieszkania,4/4,balkon,Zapytaj,garaż/miejsce parkingowe,tak,miejskie
730000,14777,2,"49,4",https://www.otodom.pl/pl/oferta/mieszkanie-2-pokojowe-na-sprzedaz-ID4o1q4,"49,4 m²",pełna własność,2 ,do zamieszkania,3/5,Zapytaj,1 000 zł,garaż/miejsce parkingowe,Zapytaj,miejskie
697000,30199,1,"23,08",https://www.otodom.pl/pl/oferta/bezposrednio-scisle-centrumwysoki-standard-ID4o1pV,"23,08 m²",pełna własność,Zapytaj,do zamieszkania,5/5,Zapytaj,420 zł,Zapytaj,Zapytaj,miejskie
636800,19900,1,32,https://www.otodom.pl/pl/oferta/atrakcyjna-kawalerka-w-sasiedztwie-lazienek-ID4o1pO,32 m²,pełna własność,Zapytaj,Zapytaj,1/3,Zapytaj,Zapytaj,Zapytaj,Zapytaj,miejskie
1795000,29344,3,"61,17",https://www.otodom.pl/pl/oferta/mieszkanie-61-17-m-warszawa-ID4o1pK,"61,17 m²",pełna własność,3 ,do zamieszkania,3/4,Zapytaj,630 zł,Zapytaj,Zapytaj,miejskie
499851,15300,2,"32,67",https://www.otodom.pl/pl/oferta/sprzedam-2-pokojowe-mieszkanie-ursus-kredyt-2-ID4o1pG,"32,67 m²",pełna własność,2 ,do wykończenia,2/6,"balkon, taras",Zapytaj,garaż/miejsce parkingowe,tak,miejskie
707194,13700,3,"51,62",https://www.otodom.pl/pl/oferta/sprzedam-mieszkanie-w-kredycie-2-ursus-ID4o1ps,"51,62 m²",pełna własność,3 ,do wykończenia,4/6,balkon,Zapytaj,garaż/miejsce parkingowe,tak,miejskie
1850000,26429,2,70,https://www.otodom.pl/pl/oferta/ekopark-70m2-2-3-pokoje-lazienka-taras-garaz-ID4o1pr,70 m²,pełna własność,2 ,Zapytaj,3/7,"balkon, taras",Zapytaj,garaż/miejsce parkingowe,Zapytaj,Zapytaj
695000,22261,1,"31,22",https://www.otodom.pl/pl/oferta/mieszkanie-w-centrum-stolicy-ID4o1oh,"31,22 m²",Zapytaj,Zapytaj,do zamieszkania,4/6,balkon,Zapytaj,Zapytaj,Zapytaj,miejskie
790000,23939,2,33,https://www.otodom.pl/pl/oferta/mieszkanie-w-kamienicy-ID4o1o2,33 m²,pełna własność,2 ,do zamieszkania,1/4,balkon,390 zł,Zapytaj,tak,gazowe
657000,15793,2,"41,6",https://www.otodom.pl/pl/oferta/nowoczesne-osiedle-stan-deweloperski-praga-pld-ID4o1nZ,"41,6 m²",Zapytaj,2 ,do wykończenia,2/5,balkon,400 zł,garaż/miejsce parkingowe,Zapytaj,miejskie
505000,22955,1,22,https://www.otodom.pl/pl/oferta/unikalny-apartament-inwestycyjny-odlicz-23-vat-ID4o1nU,22 m²,Zapytaj,Zapytaj,do zamieszkania,10/11,balkon,350 zł,garaż/miejsce parkingowe,tak,miejskie
1424500,18500,3,77,https://www.otodom.pl/pl/oferta/bezposrednio-zoliborz-slowackiego-cegla-ID4o1nJ,77 m²,spółdzielcze wł. prawo do lokalu,3 ,do remontu,parter/3,Zapytaj,917 zł,Zapytaj,Zapytaj,miejskie
1280000,23993,3,"53,35",https://www.otodom.pl/pl/oferta/unikalne-mieszkanie-z-30-metrowym-tarasem-ID4o1nv,"53,35 m²",pełna własność,3 ,do wykończenia,7/7,taras,Zapytaj,garaż/miejsce parkingowe,Zapytaj,miejskie
1690000,19882,4,85,https://www.otodom.pl/pl/oferta/3-sypialnie-na-starej-saskiej-kepie-ID4o1mi,85 m²,Zapytaj,4 ,Zapytaj,4/5,balkon,1 600 zł,garaż/miejsce parkingowe,Zapytaj,Zapytaj
1795000,15545,3,"115,47",https://www.otodom.pl/pl/oferta/wilanow-zawady-mieszkanie-z-2-tarasami-ID4o1mh,"115,47 m²",pełna własność,3 ,do zamieszkania,2/2,Zapytaj,Zapytaj,Zapytaj,Zapytaj,miejskie
1500000,20461,4,"73,31",https://www.otodom.pl/pl/oferta/4-pokojowy-apartament-z-ogrodkiem-ID4o1m7,"73,31 m²",Zapytaj,4 ,do zamieszkania,parter/3,"taras, ogródek",Zapytaj,garaż/miejsce parkingowe,Zapytaj,miejskie
998000,19379,2,"51,5",https://www.otodom.pl/pl/oferta/komfortowe-mieszkanie-na-mokotowie-ID4o1lO,"51,5 m²",pełna własność,2 ,do zamieszkania,3/6,"balkon, taras",800 zł,garaż/miejsce parkingowe,tak,miejskie
922438,14150,3,"65,19",https://www.otodom.pl/pl/oferta/wawer-3-pokoje-65-m2-bez-prowizji-kredyt-ID4o1lK,"65,19 m²",Zapytaj,3 ,Zapytaj,5/5,Zapytaj,Zapytaj,garaż/miejsce parkingowe,Zapytaj,miejskie
557000,10470,3,"53,2",https://www.otodom.pl/pl/oferta/mieszkanie-do-wlasnej-aranzacji-stan-deweloperski-ID4o1l5,"53,2 m²",Zapytaj,3 ,do wykończenia,10/10,balkon,Zapytaj,Zapytaj,Zapytaj,miejskie
3500000,9358,10,374,https://www.otodom.pl/pl/oferta/mieszkanie-374-m-warszawa-ID4o1kN,374 m²,pełna własność,Zapytaj,Zapytaj,parter/3,"balkon, ogródek",Zapytaj,garaż/miejsce parkingowe,Zapytaj,Zapytaj
450000,15517,1,29,https://www.otodom.pl/pl/oferta/kawalerka-na-zielonej-bialolece-ID4o1kL,29 m²,pełna własność,Zapytaj,do zamieszkania,1/2,balkon,350 zł,garaż/miejsce parkingowe,Zapytaj,miejskie
569000,13233,2,43,https://www.otodom.pl/pl/oferta/dwupokojowe-mieszkanie-przy-parku-krajobrazowym-ID4o1kB,43 m²,pełna własność,2 ,do zamieszkania,parter/3,ogródek,700 zł,Zapytaj,Zapytaj,miejskie
1200000,19200,3,"62,5",https://www.otodom.pl/pl/oferta/mieszkanie-3-pokoje-praga-polnoc-ID4o1kh,"62,5 m²",pełna własność,3 ,do zamieszkania,4/4,balkon,950 zł,Zapytaj,Zapytaj,miejskie
859000,13422,3,64,https://www.otodom.pl/pl/oferta/3-pokoje-po-remoncie-mokotow-ID4o1kc,64 m²,Zapytaj,3 ,Zapytaj,9/10,Zapytaj,Zapytaj,Zapytaj,Zapytaj,Zapytaj
690000,18649,2,37,https://www.otodom.pl/pl/oferta/kawalerka-centrum-lopuszanska-ID4o1ka,37 m²,spółdzielcze wł. prawo do lokalu,2 ,do remontu,2/4,balkon,Zapytaj,garaż/miejsce parkingowe,Zapytaj,miejskie
659000,17986,2,"36,64",https://www.otodom.pl/pl/oferta/mieszkanie-2-pokojowe-ochota-blisko-parku-bk2-ID4o1iR,"36,64 m²",pełna własność,2 ,do zamieszkania,5/10,Zapytaj,600 zł,garaż/miejsce parkingowe,Zapytaj,miejskie
1800000,19334,3,"93,1",https://www.otodom.pl/pl/oferta/przestronne-3-pokoje-balkon-lazienki-krolewskie-ID4o1iP,"93,1 m²",Zapytaj,3 ,Zapytaj,1/5,balkon,Zapytaj,Zapytaj,Zapytaj,inne
645000,17518,2,"36,82",https://www.otodom.pl/pl/oferta/zeran-przy-wisle-2-pok-nowe-urzadzone-ID4o1iB,"36,82 m²",pełna własność,2 ,do zamieszkania,parter/6,balkon,550 zł,garaż/miejsce parkingowe,Zapytaj,miejskie
705000,14994,2,"47,02",https://www.otodom.pl/pl/oferta/dwa-pokoje-na-natolinie-z-tarasem-ID4o1iw,"47,02 m²",pełna własność,2 ,do zamieszkania,1/4,balkon,850 zł,garaż/miejsce parkingowe,Zapytaj,miejskie
585000,18871,2,31,https://www.otodom.pl/pl/oferta/mieszkanie-2-pokojowe-na-warszawskich-stegnach-ID4o1it,31 m²,spółdzielcze wł. prawo do lokalu,2 ,do zamieszkania,1/10,Zapytaj,550 zł,Zapytaj,Zapytaj,miejskie
365000,14314,1,"25,5",https://www.otodom.pl/pl/oferta/kawalerka-z-widna-kuchnia-ID4o1ii,"25,5 m²",Zapytaj,Zapytaj,do remontu,5/8,Zapytaj,Zapytaj,Zapytaj,Zapytaj,Zapytaj
699000,13952,2,"50,1",https://www.otodom.pl/pl/oferta/mieszkanie-50m2-niska-zabudowa-przy-samym-parku-ID4o1i4,"50,1 m²",pełna własność,2 ,do zamieszkania,2/3,balkon,900 zł,Zapytaj,Zapytaj,miejskie
788000,13516,2,"58,3",https://www.otodom.pl/pl/oferta/do-sprzedazy-2-pok-mieszkanie-na-brodnie-ID4o1i1,"58,3 m²",pełna własność,2 ,do zamieszkania,3/8,balkon,780 zł,garaż/miejsce parkingowe,Zapytaj,miejskie
1450000,22104,3,"65,6",https://www.otodom.pl/pl/oferta/do-wejscia-wyjatkowy-taras-ID4o1gB,"65,6 m²",pełna własność,3 ,do zamieszkania,2/4,"balkon, taras",1 000 zł,garaż/miejsce parkingowe,Zapytaj,miejskie
849999,19767,2,43,https://www.otodom.pl/pl/oferta/2-pokojowe-w-scislym-centrum-tuz-po-remoncie-ID4o1gp,43 m²,pełna własność,2 ,do zamieszkania,4/4,Zapytaj,400 zł,garaż/miejsce parkingowe,tak,miejskie
469000,17370,1,27,https://www.otodom.pl/pl/oferta/bielany-na-sprzedaz-funkcjonalne-mieszkanie-27m2-ID4o1gi,27 m²,Zapytaj,Zapytaj,do zamieszkania,6/8,balkon,Zapytaj,Zapytaj,Zapytaj,miejskie
740000,18049,2,41,https://www.otodom.pl/pl/oferta/wysoki-standard-pod-klucz-cesja-ursus-centralny-ID4o1gh,41 m²,pełna własność,2 ,do zamieszkania,4/6,balkon,Zapytaj,garaż/miejsce parkingowe,Zapytaj,miejskie
799000,14394,3,"55,51",https://www.otodom.pl/pl/oferta/ursynow-3-pokoje-55-51m2do-remontuz-potencjalem-ID4o1fg,"55,51 m²",Zapytaj,3 ,do remontu,1/3,balkon,"1 032,62 zł",Zapytaj,Zapytaj,miejskie
848000,19186,2,"44,2",https://www.otodom.pl/pl/oferta/zielony-muranow-po-remoncie-balkon-ID4o1f9,"44,2 m²",Zapytaj,2 ,Zapytaj,2/4,balkon,662 zł,Zapytaj,Zapytaj,miejskie
729000,13255,3,55,https://www.otodom.pl/pl/oferta/mieszkanie-ul-dantego-metro-wawrzyszew-ID4o1eI,55 m²,Zapytaj,3 ,do remontu,5/10,balkon,750 zł,Zapytaj,Zapytaj,inne
815027,15692,3,"51,94",https://www.otodom.pl/pl/oferta/ursynow-3-pokoje-52-m2-bez-prowizji-kredyt-ID4o1ea,"51,94 m²",Zapytaj,3 ,Zapytaj,2/4,Zapytaj,Zapytaj,garaż/miejsce parkingowe,Zapytaj,Zapytaj
967000,18998,2,"50,9",https://www.otodom.pl/pl/oferta/stara-ochota-gotowe-2-pok-kamienica-cicho-2-73h-ID4o1e3,"50,9 m²",pełna własność,2 ,Zapytaj,3/4,Zapytaj,900 zł,Zapytaj,Zapytaj,miejskie
1720000,14957,4,115,https://www.otodom.pl/pl/oferta/bardzo-widny-rozkladowy-apartament-na-zawadach-ID4o1dw,115 m²,pełna własność,4 ,do zamieszkania,2/2,taras,1 600 zł,garaż/miejsce parkingowe,Zapytaj,miejskie
820000,14855,3,"55,2",https://www.otodom.pl/pl/oferta/3-pokojowe-55m2-goclaw-praga-poludnie-ID4o1do,"55,2 m²",pełna własność,3 ,do zamieszkania,4/6,balkon,800 zł,garaż/miejsce parkingowe,Zapytaj,miejskie
1300000,25010,2,"51,98",https://www.otodom.pl/pl/oferta/wola-2-pokoje-51-98-m2-metro-plocka-garaz-klima-ID4o1cY,"51,98 m²",pełna własność,2 ,do zamieszkania,6/10,balkon,800 zł,garaż/miejsce parkingowe,Zapytaj,miejskie
567675,13500,2,"42,05",https://www.otodom.pl/pl/oferta/2pok42m2dwustronneogrodekoddanie-iii-kw-2024-ID4o1co,"42,05 m²",pełna własność,2 ,do wykończenia,parter/2,ogródek,Zapytaj,garaż/miejsce parkingowe,Zapytaj,Zapytaj
2432700,21576,5,"112,75",https://www.otodom.pl/pl/oferta/nowa-inwestycja-na-woli-deweloper-ID4o1ci,"112,75 m²",pełna własność,5 ,do wykończenia,7/8,balkon,Zapytaj,garaż/miejsce parkingowe,tak,miejskie
899000,13831,3,65,https://www.otodom.pl/pl/oferta/3-4-pokoje-na-mokotowie-siekierki-garaz-balkon-ID4o1bT,65 m²,pełna własność,3 ,do remontu,9/10,balkon,1 100 zł,garaż/miejsce parkingowe,Zapytaj,Zapytaj
730000,17998,2,"40,56",https://www.otodom.pl/pl/oferta/klimatyczne-mieszkanie-na-pradze-polnoc-ID4o1bS,"40,56 m²",pełna własność,2 ,do zamieszkania,parter/5,Zapytaj,Zapytaj,Zapytaj,Zapytaj,miejskie
940000,15667,3,60,https://www.otodom.pl/pl/oferta/mieszkanie-w-zadbanej-i-wyremontowanej-kamienicy-ID4o1bD,60 m²,pełna własność,3 ,do zamieszkania,1/4,balkon,695 zł,Zapytaj,Zapytaj,Zapytaj
627888,11651,3,"53,89",https://www.otodom.pl/pl/oferta/wysoki-standard-gotowe-m3-obok-lasu-promocja-ID4o1bl,"53,89 m²",pełna własność,3 ,do wykończenia,1/3,balkon,353 zł,garaż/miejsce parkingowe,Zapytaj,miejskie
560000,12069,2,"46,4",https://www.otodom.pl/pl/oferta/2-pokoje-z-oddzielna-kuchnia-46-4m2-ID4o1aY,"46,4 m²",spółdzielcze wł. prawo do lokalu,2 ,do zamieszkania,10/11,balkon,780 zł,Zapytaj,Zapytaj,miejskie
418500,12302,2,"34,02",https://www.otodom.pl/pl/oferta/20min-do-centrum-2-pokoje-kredyt-2-czynsz-221zl-ID4o1aX,"34,02 m²",pełna własność,2 ,do wykończenia,2/2,balkon,221 zł,garaż/miejsce parkingowe,Zapytaj,miejskie
737000,12998,3,"56,7",https://www.otodom.pl/pl/oferta/3-osobne-pokoje-ID4o1aP,"56,7 m²",pełna własność,3 ,Zapytaj,1/3,balkon,Zapytaj,Zapytaj,Zapytaj,miejskie
680000,16840,2,"40,38",https://www.otodom.pl/pl/oferta/2-pok-nowe-i-gotowe-40-4-m2-garaz-i-komorka-ID4o19W,"40,38 m²",Zapytaj,2 ,do wykończenia,3/3,balkon,Zapytaj,garaż/miejsce parkingowe,Zapytaj,Zapytaj
1026608,17600,3,"58,33",https://www.otodom.pl/pl/oferta/3-pok-przy-parku-cietrzewia-villa-modena-krancowa-ID4o19v,"58,33 m²",pełna własność,3 ,do zamieszkania,2/3,Zapytaj,Zapytaj,Zapytaj,tak,miejskie
455300,15787,2,"28,84",https://www.otodom.pl/pl/oferta/jasne-z-ogrodkiem-przy-parku-obok-pkp-ursus-ID4o18O,"28,84 m²",Zapytaj,2 ,do wykończenia,Zapytaj,ogródek,Zapytaj,garaż/miejsce parkingowe,Zapytaj,miejskie
667000,17978,2,"37,1",https://www.otodom.pl/pl/oferta/2pok-po-remoncie-agd-meble-200m-metro-ks-janusza-ID4o18M,"37,1 m²",pełna własność,2 ,do zamieszkania,8/10,Zapytaj,600 zł,Zapytaj,Zapytaj,miejskie
740000,8385,3,"88,25",https://www.otodom.pl/pl/oferta/3-pok-ul-spisaka-88-m2-ID4o18r,"88,25 m²",pełna własność,3 ,do zamieszkania,parter/1,ogródek,Zapytaj,Zapytaj,Zapytaj,gazowe
469000,17255,1,"27,18",https://www.otodom.pl/pl/oferta/kawalerka-27-m2-metro-ksiecia-janusza-ID4o17I,"27,18 m²",pełna własność,Zapytaj,Zapytaj,3/3,Zapytaj,450 zł,Zapytaj,Zapytaj,miejskie
877500,32500,1,27,https://www.otodom.pl/pl/oferta/centrum-widok-kawalerka-ID4o17w,27 m²,pełna własność,Zapytaj,do zamieszkania,> 10/23,Zapytaj,Zapytaj,Zapytaj,Zapytaj,miejskie
820000,14488,3,"56,6",https://www.otodom.pl/pl/oferta/saska-kepa-zielen-cisza-okna-na-3-strony-ID4o17u,"56,6 m²",Zapytaj,3 ,do zamieszkania,4/4,balkon,Zapytaj,Zapytaj,Zapytaj,miejskie
750000,18569,2,"40,39",https://www.otodom.pl/pl/oferta/nowe-2-pokoje-na-bemowie-przy-metrze-ID4o17o,"40,39 m²",pełna własność,2 ,do wykończenia,1/7,balkon,500 zł,garaż/miejsce parkingowe,Zapytaj,miejskie
699000,26885,1,26,https://www.otodom.pl/pl/oferta/kawalerka-z-balkonem-w-srodmiesciu-ID4o17j,26 m²,pełna własność,Zapytaj,do zamieszkania,10/11,balkon,500 zł,garaż/miejsce parkingowe,Zapytaj,miejskie
799000,15980,2,50,https://www.otodom.pl/pl/oferta/wum-swietny-uklad-kredyt-2-ID4o17i,50 m²,Zapytaj,2 ,do zamieszkania,1/4,balkon,Zapytaj,Zapytaj,Zapytaj,miejskie
990000,16195,2,"61,13",https://www.otodom.pl/pl/oferta/wola-tower-dwa-pokoje-z-balkonem-2-garazami-ID4o177,"61,13 m²",pełna własność,2 ,Zapytaj,> 10/11,balkon,580 zł,garaż/miejsce parkingowe,Zapytaj,Zapytaj
748000,18200,2,"41,1",https://www.otodom.pl/pl/oferta/gotowe-pod-wynajem-lub-na-dobry-poczatek-ID4o16H,"41,1 m²",pełna własność,2 ,Zapytaj,2/5,balkon,490 zł,garaż/miejsce parkingowe,Zapytaj,miejskie
544000,16000,1,34,https://www.otodom.pl/pl/oferta/mieszkanie-34-m-warszawa-ID4o16x,34 m²,Zapytaj,Zapytaj,do remontu,6/6,Zapytaj,461 zł,Zapytaj,Zapytaj,miejskie
567675,13500,2,"42,05",https://www.otodom.pl/pl/oferta/mieszkanie-dla-ciebie-w-dobrej-cenie-bielany-ID4o16n,"42,05 m²",pełna własność,2 ,Zapytaj,parter/3,ogródek,Zapytaj,Zapytaj,Zapytaj,miejskie
1149000,22272,2,"51,59",https://www.otodom.pl/pl/oferta/dwupokojowe-mieszkanie-w-sercu-warszawy-ID4o16g,"51,59 m²",pełna własność,2 ,do zamieszkania,parter/7,Zapytaj,Zapytaj,garaż/miejsce parkingowe,Zapytaj,miejskie
1980000,28286,3,70,https://www.otodom.pl/pl/oferta/stare-miasto-po-remoncie-3-pokoje-wysokosc-3-4m-ID4o161,70 m²,pełna własność,3 ,Zapytaj,1/4,Zapytaj,1 040 zł,Zapytaj,Zapytaj,Zapytaj
665000,13613,2,"48,85",https://www.otodom.pl/pl/oferta/mieszkanie-wsrod-zieleni-przy-metrze-natolin-ID4o15l,"48,85 m²",pełna własność,2 ,do remontu,3,balkon,Zapytaj,Zapytaj,Zapytaj,miejskie
879000,19977,3,44,https://www.otodom.pl/pl/oferta/44m-mieszkanie-w-przedwojennej-kamienicy-ochota-ID4o15b,44 m²,pełna własność,3 ,do zamieszkania,parter/4,Zapytaj,750 zł,Zapytaj,Zapytaj,miejskie
878000,19489,2,"45,05",https://www.otodom.pl/pl/oferta/mieszkanie-na-sprzedaz-warszawa-wola-obozowa-ID4o14E,"45,05 m²",pełna własność,2 ,do zamieszkania,2/6,balkon,Zapytaj,Zapytaj,Zapytaj,miejskie
704497,10650,4,"66,15",https://www.otodom.pl/pl/oferta/nowe-4-pokojowe-mieszkanie-bialoleka-ID4o11f,"66,15 m²",Zapytaj,4 ,Zapytaj,1/3,balkon,Zapytaj,garaż/miejsce parkingowe,Zapytaj,Zapytaj
611968,11200,4,"54,64",https://www.otodom.pl/pl/oferta/nowe-4-pokojowe-mieszkanie-na-bialolece-ID4o11d,"54,64 m²",Zapytaj,4 ,Zapytaj,2/3,balkon,Zapytaj,Zapytaj,Zapytaj,Zapytaj
796635,13393,3,"59,48",https://www.otodom.pl/pl/oferta/nowe-mieszkanie-3-pokojowe-59-48m2-bialoleka-ID4o11c,"59,48 m²",Zapytaj,3 ,Zapytaj,3/3,balkon,Zapytaj,garaż/miejsce parkingowe,Zapytaj,Zapytaj
796635,13351,3,"59,67",https://www.otodom.pl/pl/oferta/nowe-3-pokojowe-mieszkanie-bialoleka-ID4o11b,"59,67 m²",Zapytaj,3 ,Zapytaj,3/3,balkon,Zapytaj,garaż/miejsce parkingowe,Zapytaj,Zapytaj
761229,12900,3,"59,01",https://www.otodom.pl/pl/oferta/nowe-mieszkanie-3-pokojowe-bialoleka-ID4o11a,"59,01 m²",Zapytaj,3 ,Zapytaj,2/3,balkon,Zapytaj,garaż/miejsce parkingowe,Zapytaj,Zapytaj
823480,14000,3,"58,82",https://www.otodom.pl/pl/oferta/mieszkanie-3-pokojowe-z-tarasem-idealne-na-start-ID4o119,"58,82 m²",Zapytaj,3 ,Zapytaj,parter/3,"ogródek, taras",Zapytaj,garaż/miejsce parkingowe,Zapytaj,Zapytaj
650000,16250,2,40,https://www.otodom.pl/pl/oferta/mieszkanie-na-sprzedaz-2-pokoje-ID4o116,40 m²,Zapytaj,2 ,Zapytaj,1/4,Zapytaj,Zapytaj,garaż/miejsce parkingowe,Zapytaj,Zapytaj
610000,19063,1,32,https://www.otodom.pl/pl/oferta/do-sprzedania-mieszkanie-1-pokojowe-ID4o115,32 m²,pełna własność,Zapytaj,Zapytaj,3/4,Zapytaj,Zapytaj,garaż/miejsce parkingowe,Zapytaj,Zapytaj
1620000,20903,3,"77,5",https://www.otodom.pl/pl/oferta/komfortowe-ciche-i-widne-3-pokoje-na-wilanowie-ID4o10E,"77,5 m²",pełna własność,3 ,do zamieszkania,2/4,balkon,850 zł,garaż/miejsce parkingowe,Zapytaj,miejskie
1450000,17618,3,"82,3",https://www.otodom.pl/pl/oferta/mieszkanie-na-sprzedaz-ul-chmielna-inwestycyjne-ID4o10C,"82,3 m²",Zapytaj,3 ,Zapytaj,2/6,Zapytaj,Zapytaj,Zapytaj,Zapytaj,Zapytaj
849000,11473,4,74,https://www.otodom.pl/pl/oferta/mieszkanie-starym-rembertow-4-pokoje-ID4o10o,74 m²,Zapytaj,4 ,Zapytaj,3/4,Zapytaj,800 zł,Zapytaj,Zapytaj,Zapytaj
889000,15223,3,"58,4",https://www.otodom.pl/pl/oferta/wyremontowane-w-2019-dla-siebie-ID4o101,"58,4 m²",pełna własność,3 ,do zamieszkania,2/4,balkon,Zapytaj,Zapytaj,Zapytaj,Zapytaj
910000,18571,2,49,https://www.otodom.pl/pl/oferta/salon-sypialnia-gabinet-garderoba-ochota-ID4o100,49 m²,pełna własność,2 ,do zamieszkania,2/3,balkon,700 zł,Zapytaj,Zapytaj,Zapytaj
879000,18702,2,47,https://www.otodom.pl/pl/oferta/pod-klucz-z-pieknym-widokiem-ochota-ID4o0ZY,47 m²,pełna własność,2 ,do zamieszkania,7/10,balkon,600 zł,Zapytaj,Zapytaj,miejskie
619000,19968,2,31,https://www.otodom.pl/pl/oferta/rondo-wiatraczna-2-pokoje-balkon-kamienica-ID4o0ZX,31 m²,pełna własność,2 ,do zamieszkania,1/4,balkon,Zapytaj,Zapytaj,Zapytaj,miejskie
1600000,24060,3,"66,5",https://www.otodom.pl/pl/oferta/topowa-lokalizacja-do-wejscia-ID4o0ZG,"66,5 m²",pełna własność,3 ,do zamieszkania,3/7,balkon,1 000 zł,garaż/miejsce parkingowe,Zapytaj,miejskie
2014800,21900,4,92,https://www.otodom.pl/pl/oferta/apartament-z-tarasem-na-ostatnim-pietrze-na-woli-ID4o0Zq,92 m²,pełna własność,4 ,do wykończenia,4/4,taras,Zapytaj,garaż/miejsce parkingowe,Zapytaj,miejskie
849000,22502,2,"37,73",https://www.otodom.pl/pl/oferta/wislany-mokotow-2-pokoje-nowe-ID4o0Zd,"37,73 m²",pełna własność,2 ,do zamieszkania,2/3,Zapytaj,900 zł,garaż/miejsce parkingowe,Zapytaj,Zapytaj
698000,14883,2,"46,9",https://www.otodom.pl/pl/oferta/skoroszyce-eolian-park-2-pokoje-garaz-ID4o0Zc,"46,9 m²",pełna własność,2 ,do zamieszkania,3/4,balkon,690 zł,garaż/miejsce parkingowe,Zapytaj,Zapytaj
380000,18905,1,"20,1",https://www.otodom.pl/pl/oferta/mieszkanie-na-sprzedaz-20m-praga-polnoc-bk2-ID4o0YS,"20,1 m²",pełna własność,Zapytaj,do zamieszkania,2/7,Zapytaj,385 zł,Zapytaj,Zapytaj,miejskie
640000,12476,3,"51,3",https://www.otodom.pl/pl/oferta/3-pokoje-bielany-51m2-balkon-ul-reymonta-ID4o0YC,"51,3 m²",Zapytaj,3 ,Zapytaj,7,Zapytaj,Zapytaj,Zapytaj,Zapytaj,inne
665000,18472,2,36,https://www.otodom.pl/pl/oferta/dwa-pokoje-z-garderoba-na-woli-ID4o0XZ,36 m²,Zapytaj,2 ,do zamieszkania,4/10,balkon,580 zł,Zapytaj,Zapytaj,miejskie
773000,16878,3,"45,8",https://www.otodom.pl/pl/oferta/rozkladowe-3-pokoje-3-min-spacerem-do-ronda-onz-ID4o0XU,"45,8 m²",pełna własność,3 ,do zamieszkania,parter/12,balkon,Zapytaj,Zapytaj,tak,miejskie
1090000,13642,3,"79,9",https://www.otodom.pl/pl/oferta/przestronne-3-pokojowe-mieszkanie-80m2-ID4o0XC,"79,9 m²",pełna własność,3 ,do remontu,parter/5,taras,690 zł,Zapytaj,Zapytaj,miejskie
950000,16379,2,58,https://www.otodom.pl/pl/oferta/dwupokojowe-lux-widok-na-tor-sluzewiec-ID4o0VA,58 m²,pełna własność,2 ,do zamieszkania,8/12,balkon,800 zł,garaż/miejsce parkingowe,Zapytaj,miejskie
1150000,17733,4,"64,85",https://www.otodom.pl/pl/oferta/sprzedam-65m24pokoje-garaz-mokotow-ID4o0Vd,"64,85 m²",pełna własność,4 ,do zamieszkania,2/7,balkon,600 zł,garaż/miejsce parkingowe,Zapytaj,miejskie
569000,14895,2,"38,2",https://www.otodom.pl/pl/oferta/gotowe-do-wprowadzenia-przy-galerii-mokotow-ID4o0V2,"38,2 m²",Zapytaj,2 ,do zamieszkania,3/4,Zapytaj,565 zł,Zapytaj,Zapytaj,miejskie
915000,9839,3,93,https://www.otodom.pl/pl/oferta/ciche-mieszkanie-serce-pragi-pld-3-4-pokoje-ID4o0WY,93 m²,pełna własność,3 ,do zamieszkania,parter/4,"balkon, ogródek",Zapytaj,garaż/miejsce parkingowe,Zapytaj,miejskie
1344000,24000,2,56,https://www.otodom.pl/pl/oferta/apt-o-pow-56m2-2-pokoje-balon-srodmiescie-lux-ID4o0WB,56 m²,pełna własność,2 ,do zamieszkania,3/5,balkon,Zapytaj,garaż/miejsce parkingowe,Zapytaj,Zapytaj
1170000,17444,4,"67,07",https://www.otodom.pl/pl/oferta/67-07m2-4-pokoje-ogrodek-taras-m-postojowe-ID4o0Ww,"67,07 m²",Zapytaj,4 ,Zapytaj,parter/6,"balkon, ogródek",Zapytaj,garaż/miejsce parkingowe,Zapytaj,miejskie
1750000,25735,2,68,https://www.otodom.pl/pl/oferta/wysoki-standard-plac-zbawiciela-po-remoncie-ID4o0Wn,68 m²,Zapytaj,2 ,Zapytaj,6/7,Zapytaj,450 zł,Zapytaj,Zapytaj,Zapytaj
968000,20943,2,"46,22",https://www.otodom.pl/pl/oferta/komfortowe-i-przytulne-46mkw-na-pradze-ID4o0W2,"46,22 m²",pełna własność,2 ,do zamieszkania,1/5,balkon,682 zł,Zapytaj,Zapytaj,miejskie
760000,14340,3,53,https://www.otodom.pl/pl/oferta/przestronne-mieszkanie-o-powierzchni-53-m2-ID4o0UY,53 m²,pełna własność,3 ,do zamieszkania,10/10,balkon,Zapytaj,Zapytaj,Zapytaj,miejskie
1500000,18248,3,"82,2",https://www.otodom.pl/pl/oferta/gotowe-do-zamieszkania-3-pok-wysoki-standard-ID4o0UF,"82,2 m²",pełna własność,3 ,do zamieszkania,1/6,balkon,1 000 zł,garaż/miejsce parkingowe,tak,miejskie
1350000,15271,3,"88,4",https://www.otodom.pl/pl/oferta/dwupoziomowe-mieszkanie-z-dwoma-tarasami-wlochy-ID4o0TC,"88,4 m²",pełna własność,3 ,Zapytaj,3/3,"balkon, taras",1 000 zł,garaż/miejsce parkingowe,Zapytaj,Zapytaj
749000,18725,2,40,https://www.otodom.pl/pl/oferta/genialne-mieszkanie-przy-parku-szczesliwickim-ID4o0To,40 m²,pełna własność,2 ,do zamieszkania,4/8,Zapytaj,Zapytaj,Zapytaj,Zapytaj,miejskie
